년도,날짜,승패,상대,AVG_K,OPS_K,LI_K,WPA_K,HR/AB_K,SO/AB_K,ERA_K,WHIP_K,LI_K,WPA_K,SO/IP_K,AVG_R,OPS_R,LI_R,WPA_R,HR/AB_R,SO/AB_R,ERA_R,WHIP_R,LI_R,WPA_R,SO/IP_R
2018,3월 24일,0,kt,0.333,0.779,1.75,-0.225,0,0.222,5,1.33,1,-0.275,1,0.297,0.883,1.01,0.275,0.081,0.243,4,1.56,1.7,0.225,0.889
2018,3월 25일,1,kt,0.41,1.224,0.24,0.395,0.103,0.205,1,0.78,0.2,0.105,0.889,0.212,0.545,0.23,-0.105,0.03,0.242,15.75,2.38,0.2,-0.395,1
2018,3월 27일,1,삼성,0.389,1.494,0.3,0.282,0.167,0.278,0,0.89,0.3,0.218,0.556,0.188,0.454,0.32,-0.218,0,0.156,19.13,2.88,0.3,-0.282,1.25
2018,3월 28일,0,삼성,0.156,0.479,0.89,-0.386,0,0.156,6,1.78,0.6,-0.114,0.778,0.359,0.826,0.6,0.114,0.026,0.179,0,0.78,0.9,0.386,0.556
2018,3월 29일,1,삼성,0.394,1.08,0.61,0.147,0.061,0.212,0,1,0.8,0.353,1,0.107,0.372,0.84,-0.353,0,0.321,7.88,2.13,0.6,-0.147,0.875
2018,3월 30일,1,LG,0.286,0.742,0.91,0.093,0,0.286,3,1.44,2.1,0.407,0.667,0.278,0.711,2.1,-0.407,0,0.167,4,1.44,0.9,-0.093,1.111
2018,3월 31일,0,LG,0.194,0.58,1.3,-0.235,0,0.129,6.75,1.25,0.7,-0.265,0.625,0.273,0.831,0.71,0.265,0.061,0.152,4,1,1.3,0.235,0.444
2018,4월 1일,0,LG,0.273,0.823,1.78,0.097,0.061,0.061,6.23,1.73,1.3,-0.597,0.366,0.294,0.796,1.34,0.597,0.029,0.088,5,1.44,1.8,-0.097,0.222
2018,4월 3일,0,SK,0.161,0.648,0.33,0.061,0.065,0.226,14.63,2.13,0.3,-0.561,0.875,0.378,1.411,0.34,0.561,0.162,0.189,3,0.78,0.3,-0.061,0.778
2018,4월 4일,1,SK,0.432,1.151,1.55,0.554,0.068,0.091,5.4,1.1,1.2,-0.055,1.1,0.2,0.596,1.24,0.055,0.029,0.314,8.1,1.9,1.6,-0.554,0.4
2018,4월 6일,1,키움,0.4,1.029,0.96,0.518,0.025,0.225,5,1.44,0.9,-0.018,1.444,0.333,0.769,0.88,0.018,0.026,0.333,10.13,2.75,1,-0.518,1.125
2018,4월 7일,1,키움,0.3,0.797,0.43,0.229,0.033,0.2,1,1.44,0.8,0.271,0.667,0.286,0.656,0.83,-0.271,0,0.171,5.63,1.5,0.4,-0.229,0.75
2018,4월 8일,1,키움,0.29,0.806,1.3,0.328,0.065,0.226,3,1.67,1.7,0.172,0.667,0.342,0.892,1.7,-0.172,0.026,0.158,4.5,1.13,1.3,-0.328,0.875
2018,4월 10일,0,한화,0.242,0.598,1.28,-0.325,0,0.121,4.5,1.38,1.2,-0.175,1,0.233,0.794,1.22,0.175,0.067,0.267,3,1,1.3,0.325,0.444
2018,4월 11일,0,한화,0.212,0.581,1.35,-0.042,0.03,0.303,6.75,1.75,1.1,-0.458,0.375,0.355,0.82,1.14,0.458,0,0.097,4,1.11,1.4,0.042,1.111
2018,4월 12일,0,한화,0.206,0.653,0.29,-0.078,0.059,0.324,16.88,2.5,0.3,-0.422,0.875,0.425,1.202,0.28,0.422,0.05,0.175,4,1.11,0.3,0.078,1.222
2018,4월 13일,0,롯데,0.143,0.512,0.79,0.016,0.036,0.357,8,1.78,1.5,-0.516,1.222,0.289,0.846,1.51,0.516,0.026,0.289,3,0.78,0.8,-0.016,1.111
2018,4월 17일,1,LG,0.314,0.757,1.38,0.471,0,0.171,2,1.44,2,0.029,1,0.229,0.676,2.04,-0.029,0.029,0.257,4.5,2.13,1.4,-0.471,0.75
2018,4월 18일,1,LG,0.258,0.651,1.4,0.156,0,0.129,0,1.44,1.8,0.344,0.667,0.278,0.667,1.75,-0.344,0,0.167,4.5,1.38,1.4,-0.156,0.5
2018,4월 19일,1,LG,0.333,1.007,0.85,0.593,0.056,0.083,3,1,0.7,-0.093,0.778,0.229,0.564,0.73,0.093,0.029,0.2,9,1.63,0.9,-0.593,0.375
2018,4월 20일,0,두산,0.219,0.668,0.68,-0.269,0.031,0.156,6.75,1.75,0.7,-0.231,1,0.313,0.937,0.67,0.231,0.031,0.25,4,1.33,0.7,0.269,0.556
2018,4월 21일,0,두산,0.281,0.816,0.9,-0.164,0.031,0.188,11.25,2,0.6,-0.336,0.875,0.382,1.101,0.64,0.336,0.059,0.206,5,1.56,0.9,0.164,0.667
2018,4월 22일,1,두산,0.468,1.33,0.23,0.38,0.064,0.085,3,1.33,0.2,0.119,0.778,0.27,0.713,0.21,-0.119,0,0.189,14,2.78,0.2,-0.38,0.444
2018,4월 25일,0,한화,0.2,0.457,1.57,-0.343,0,0.229,3,0.89,1.1,-0.157,0.778,0.176,0.516,1.14,0.157,0.029,0.206,2,0.78,1.6,0.343,0.889
2018,4월 26일,0,한화,0.278,0.611,1.21,-0.338,0,0.028,3,1.11,1.8,-0.162,1,0.206,0.506,1.82,0.162,0,0.265,1,1.33,1.2,0.338,0.111
2018,4월 27일,1,kt,0.385,0.98,1.16,0.32,0.026,0.154,3,1,0.7,0.18,0.778,0.182,0.705,0.74,-0.18,0.061,0.212,8,2.11,1.2,-0.32,0.667
2018,4월 28일,0,kt,0.286,0.669,0.86,-0.198,0.029,0.114,10.13,2,0.6,-0.302,1,0.351,1.022,0.59,0.302,0.054,0.216,1,1.11,0.9,0.198,0.444
2018,4월 29일,0,kt,0.206,0.554,1.48,-0.347,0,0.265,3.38,1.13,0.6,-0.153,0.75,0.273,0.939,0.61,0.153,0.091,0.182,3,1.11,1.5,0.347,1
2018,5월 1일,0,롯데,0.25,0.644,1.24,-0.519,0,0.179,4.5,1.88,0.9,0.019,0.625,0.371,0.935,0.95,-0.019,0,0.143,0,1,1.2,0.519,0.556
2018,5월 2일,1,롯데,0.378,0.983,0.92,0.728,0.022,0.156,6,1.67,0.9,-0.228,0.778,0.324,0.889,0.95,0.228,0.054,0.189,8,2.67,0.9,-0.728,0.778
2018,5월 3일,0,롯데,0.25,0.623,1.34,0.259,0.028,0.25,3.24,1.8,1.9,-0.759,0.864,0.294,0.796,1.88,0.759,0.029,0.206,3,1.11,1.3,-0.259,1
2018,5월 4일,0,NC,0.297,0.811,1.37,0.08,0.027,0.135,6,2,1.6,-0.58,1.111,0.341,1.132,1.61,0.58,0.073,0.244,5,1.44,1.4,-0.08,0.556
2018,5월 5일,1,NC,0.486,1.215,0.43,0.335,0.027,0.162,4,1.33,0.5,0.164,0.556,0.229,0.668,0.46,-0.164,0.029,0.143,13.5,2.5,0.4,-0.335,0.75
2018,5월 6일,1,NC,0.487,1.238,0.8,0.442,0.051,0.051,3,0.89,0.4,0.058,1.111,0.182,0.674,0.43,-0.058,0.061,0.303,12.38,3,0.8,-0.442,0.25
2018,5월 8일,1,두산,0.382,1.145,0.21,0.385,0.088,0.118,0,0.89,0.2,0.116,0.889,0.194,0.468,0.22,-0.116,0,0.258,11.25,2.13,0.2,-0.385,0.5
2018,5월 9일,0,두산,0.242,0.633,0.6,0.183,0,0.212,12,2.33,0.6,-0.683,0.556,0.381,0.985,0.63,0.683,0,0.119,7,1.56,0.6,-0.183,0.778
2018,5월 10일,1,두산,0.295,0.786,1.29,0.295,0.023,0.159,4.09,2,1.8,0.205,0.727,0.347,0.836,1.81,-0.205,0.02,0.163,5.06,1.5,1.3,-0.295,0.686
2018,5월 11일,0,삼성,0.219,0.692,0.45,-0.238,0.031,0.219,9,1.88,0.4,-0.262,0.125,0.361,1.051,0.41,0.262,0.083,0.028,3,1.11,0.5,0.238,0.778
2018,5월 13일,1,삼성,0.306,1.001,1.24,0.547,0.083,0.278,6,1.56,1.6,-0.047,0.667,0.297,0.723,1.57,0.047,0,0.162,8,1.67,1.2,-0.547,1.111
2018,5월 15일,1,키움,0.133,0.369,1.36,-0.049,0,0.3,1,1,2,0.549,1.222,0.233,0.703,1.96,-0.549,0.033,0.367,2,0.67,1.4,0.049,1
2018,5월 16일,0,키움,0.333,0.817,1.26,0.055,0,0.205,9,2,1,-0.555,0.75,0.29,0.873,1.04,0.555,0.032,0.194,7,1.78,1.3,-0.055,0.889
2018,5월 17일,0,키움,0.188,0.548,0.82,-0.218,0.031,0.25,9,1.5,0.8,-0.282,0.875,0.343,0.971,0.82,0.282,0.086,0.2,2,0.89,0.8,0.218,0.889
2018,5월 18일,1,SK,0.303,0.876,0.54,0.204,0.03,0.061,1,0.78,0.9,0.296,0.889,0.161,0.444,0.93,-0.296,0,0.258,5.63,1.63,0.5,-0.204,0.25
2018,5월 19일,1,SK,0.2,0.55,0.9,-0.126,0,0.133,1,0.44,1.2,0.626,0.111,0.143,0.429,1.22,-0.626,0.036,0.036,2.25,1,0.9,0.126,0.5
2018,5월 20일,1,SK,0.371,1.193,0.6,0.457,0.086,0.143,2,1,1,0.043,0.889,0.206,0.515,0.96,-0.043,0,0.235,9,2.13,0.6,-0.457,0.625
2018,5월 22일,1,kt,0.368,1.008,0.55,0.375,0.053,0.158,4,0.89,0.6,0.126,0.667,0.125,0.524,0.65,-0.126,0.031,0.188,9,2.13,0.6,-0.375,0.75
2018,5월 23일,0,kt,0.415,1.015,0.9,0.207,0.024,0.146,8,1.44,1.3,-0.707,0.667,0.27,0.75,1.34,0.707,0.027,0.162,8,2.44,0.9,-0.207,0.667
2018,5월 24일,0,kt,0.212,0.469,0.36,-0.163,0,0.333,7,2.22,0.4,-0.337,0.556,0.413,0.992,0.35,0.337,0.022,0.109,1,0.89,0.4,0.163,1.222
2018,5월 25일,1,NC,0.389,1.366,0.37,0.379,0.139,0.111,2,1.44,0.4,0.121,1.111,0.343,0.78,0.42,-0.121,0.029,0.286,14,2.33,0.4,-0.379,0.444
2018,5월 26일,0,NC,0.206,0.464,0.92,-0.427,0,0.206,5.63,1.88,0.9,-0.073,1,0.324,0.865,0.91,0.073,0.029,0.235,0,0.89,0.9,0.427,0.778
2018,5월 27일,1,NC,0.405,1.149,0.43,0.267,0.071,0.143,1,0.89,0.4,0.233,0.667,0.138,0.403,0.44,-0.233,0,0.207,9,2.22,0.4,-0.267,0.667
2018,5월 29일,0,키움,0.278,0.802,0.57,0.101,0.056,0.056,10,2.56,0.5,-0.601,0.778,0.409,1.231,0.48,0.601,0.091,0.159,8,1.56,0.6,-0.101,0.222
2018,5월 30일,0,키움,0.278,0.727,1.14,-0.256,0,0.111,6,1.78,0.8,-0.244,0.444,0.333,0.996,0.77,0.244,0.077,0.103,1,1.56,1.1,0.256,0.444
2018,5월 31일,1,키움,0.303,0.879,0.53,0.155,0.061,0.091,0,0.44,0.7,0.345,0.778,0.1,0.256,0.66,-0.345,0,0.233,5.63,1.5,0.5,-0.155,0.375
2018,6월 1일,0,두산,0.219,0.598,1.73,-0.071,0,0.313,5,1.44,1.2,-0.429,0.889,0.303,0.907,1.16,0.429,0.061,0.242,3,1.11,1.7,0.071,1.111
2018,6월 2일,0,두산,0.172,0.514,0.5,-0.263,0,0.172,10,2.33,0.6,-0.237,0.556,0.425,1.167,0.57,0.237,0.075,0.125,0,0.89,0.5,0.263,0.556
2018,6월 3일,1,두산,0.425,1.129,1.85,0.846,0.025,0.125,9,2,1.2,-0.346,1.1,0.326,0.904,1.2,0.346,0.043,0.239,11.17,2.48,1.9,-0.846,0.543
2018,6월 5일,1,KT,0.366,1.088,0.64,0.28,0.073,0.122,2,1.22,0.8,0.22,0.889,0.265,0.562,0.79,-0.22,0,0.235,11,1.67,0.6,-0.28,0.556
2018,6월 6일,1,KT,0.242,0.766,0.91,0.287,0.061,0.212,2,1.33,1.2,0.213,0.556,0.222,0.808,1.19,-0.213,0.074,0.185,1,1.33,0.9,-0.287,0.778
2018,6월 7일,1,KT,0.226,0.617,0.73,-0.121,0.032,0.097,2,1.11,0.7,0.121,0.667,0.129,0.375,1.65,-0.621,0,0.194,0,0.67,1.6,0.621,0.333
2018,6월 8일,0,롯데,0.343,0.938,0.64,-0.187,0.057,0.086,10.13,2.13,0.5,-0.328,0.5,0.368,0.967,0.55,0.328,0.026,0.105,6,1.67,0.6,0.187,0.333
2018,6월 9일,1,롯대,0.306,0.821,0.92,0.182,0,0.222,5,1.89,1.6,0.318,0.889,0.324,0.995,1.59,-0.318,0.054,0.216,7,1.78,0.9,-0.182,0.889
2018,6월 12일,1,sk,0.207,0.626,0.88,-0.085,0.034,0.172,0,1.11,1.3,0.586,0.889,0.194,0.518,1.26,-0.586,0,0.258,4.5,1,0.9,0.085,0.625
2018,6월 13일,0,sk,0.161,0.58,2.14,-0.321,0.032,0.226,5,1.33,0.7,-0.179,0.667,0.294,0.804,0.71,0.179,0.059,0.176,3,1.11,2.1,0.321,0.778
2018,6월 14일,0,sk,0.167,0.591,1.08,-0.217,0.033,0.3,9,1.44,0.6,-0.283,0.333,0.343,0.98,0.58,0.283,0.086,0.086,2,1.22,1.1,0.217,1
2018,6월 15일,0,LG,0.278,0.667,1.58,-0.122,0.028,0.167,4.15,1.27,1,-0.378,0.244,0.29,0.743,1.02,0.378,0.032,0.065,3,1.11,1.6,0.122,0.667
2018,6월 16일,0,LG,0.265,0.756,1.13,-0.207,0.059,0.265,4.15,1.85,1.7,-0.293,0.732,0.353,0.793,1.72,0.293,0,0.176,3,1.11,1.1,0.207,1
2018,6월 17일,0,LG,0.29,0.829,0.93,-0.155,0.032,0.097,9,2.13,0.4,-0.345,1.125,0.353,0.968,0.43,0.345,0.029,0.265,6,2,0.9,0.155,0.333
2018,6월 20일,1,NC,0.313,0.924,1.17,0.553,0.063,0.281,5,1.67,1,-0.053,0.444,0.351,0.751,1.02,0.053,0,0.108,6.75,1.63,1.2,-0.553,1.125
2018,6월 21일,0,NC,0.182,0.513,0.89,-0.165,0,0.061,7,1.11,0.7,-0.335,0.444,0.226,0.757,0.69,0.335,0.065,0.129,4,1.11,0.9,0.165,0.222
2018,6월 22일,1,키움,0.324,0.916,0.59,0.321,0.027,0.243,5,1.33,0.7,0.179,0.778,0.27,0.811,0.71,-0.179,0.054,0.189,8,1.56,0.6,-0.321,1
2018,6월 23일,0,키움,0.235,0.728,0.91,-0.101,0.059,0.265,7.88,2.5,0.9,-0.399,0.75,0.378,0.979,0.92,0.399,0.027,0.162,4,1,0.9,0.101,1
2018,6월 24일,1,키움,0.35,0.926,1.49,1.213,0.025,0.175,10,2,0.9,-0.712,1,0.359,1.038,0.89,0.712,0.051,0.231,14,2,1.5,-1.213,0.778
2018,6월 27일,0,SK,0.242,0.669,1.48,-0.306,0.03,0.121,3.38,1,1.2,-0.194,0.25,0.231,0.545,1.16,0.194,0,0.077,2,1.22,1.5,0.306,0.444
2018,6월 29일,1,두산,0.35,0.863,1.66,0.346,0,0.2,3.6,1.5,1,0.15,0.6,0.293,0.658,0.98,-0.15,0,0.146,6.3,1.9,1.7,-0.346,0.8
2018,6월 30일,0,두산,0.156,0.406,0.15,-0.081,0.031,0.313,13.5,2.13,0.3,-0.419,0.75,0.436,1.029,0.26,0.419,0.026,0.154,2,0.56,0.2,0.081,1.111
2018,7월 3일,1,한화,0.4,1.021,0.48,0.428,0.029,0.143,2,0.56,0.4,0.072,1.556,0.156,0.531,0.39,-0.072,0.063,0.438,7.88,2,0.5,-0.428,0.625
2018,7월 4일,1,한화,0.333,0.86,1.2,0.39,0,0.212,4,1.56,1.1,0.11,1.111,0.286,0.775,1.14,-0.11,0,0.286,5.63,1.75,1.2,-0.39,0.875
2018,7월 5일,0,한화,0.172,0.445,0.85,-0.222,0,0.31,8,1.56,0.8,-0.278,0.667,0.351,0.828,0.8,0.278,0.027,0.162,2,1,0.9,0.222,1
2018,7월 6일,1,LG,0.378,1.024,0.36,0.436,0.027,0.162,4,1,0.4,0.064,1,0.242,0.628,0.38,-0.064,0.03,0.273,12.38,2.63,0.4,-0.436,0.75
2018,7월 7일,0,LG,0.436,1.117,1.13,0.789,0.051,0.205,8,1.78,1.4,-1.289,0.556,0.326,0.983,1.4,1.289,0.07,0.116,10,1.89,1.1,-0.789,0.889
2018,7월 8일,0,LG,0.167,0.431,0.82,-0.195,0,0.133,8,2.22,0.5,-0.305,0.778,0.395,1.039,0.48,0.305,0.047,0.163,1,0.89,0.8,0.195,0.444
2018,7월 10일,0,NC,0.27,0.927,0.84,0.04,0.081,0.297,9,1.75,0.9,-0.54,0.875,0.25,0.782,0.86,0.54,0.036,0.25,5,1.67,0.8,-0.04,1.222
2018,7월 11일,0,NC,0.103,0.454,1.02,-0.48,0.034,0.276,2.25,1.25,0.9,-0.02,1.625,0.258,0.681,0.94,0.02,0.032,0.419,1,0.78,1,0.48,0.889
2018,7월 12일,0,NC,0.3,0.886,1.71,-0.354,0.033,0.233,4.5,1,0.7,-0.146,0.75,0.214,0.746,0.72,0.146,0.071,0.214,3,1.22,1.7,0.354,0.778
2018,7월 17일,1,삼성,0.313,0.878,1.34,0.335,0.031,0.25,3,1,0.9,0.165,1,0.25,0.5,0.92,-0.165,0,0.25,6.75,1.63,1.3,-0.335,1
2018,7월 18일,0,삼성,0.167,0.431,0.66,-0.188,0,0.2,7,1.44,0.5,-0.312,0.111,0.342,0.947,0.54,0.312,0.079,0.026,1,0.89,0.7,0.188,0.667
2018,7월 19일,0,삼성,0.306,0.681,1,-0.256,0,0.056,6,1.56,0.6,-0.244,0.444,0.306,0.974,0.56,0.244,0.083,0.111,2,1.67,1,0.256,0.222
2018,7월 20일,1,KT,0.303,0.849,1.32,0.421,0,0.061,4,1,1.1,0.079,1.222,0.2,0.672,1.07,-0.079,0.057,0.314,6.75,1.75,1.3,-0.421,0.25
2018,7월 21일,1,KT,0.324,0.845,0.66,0.146,0.027,0.081,2,1.44,1.5,0.354,0.111,0.267,0.694,1.51,-0.354,0,0.033,9,1.75,0.7,-0.146,0.375
2018,7월 22일,0,KT,0.343,0.872,1.15,-0.167,0.029,0.171,6,1.89,1.2,-0.332,0.889,0.257,0.852,1.18,0.332,0.057,0.229,4,1.78,1.1,0.167,0.667
2018,7월 24일,0,한화,0.133,0.328,0.4,-0.266,0,0.1,2.25,1.75,0.4,-0.234,1.125,0.273,0.823,0.43,0.234,0.061,0.273,0,0.44,0.4,0.266,0.333
2018,7월 25일,1,한화,0.342,0.926,0.49,0.476,0,0.079,3,1.33,0.8,0.024,1.111,0.278,0.641,0.77,-0.024,0,0.278,10,1.89,0.5,-0.476,0.333
2018,7월 26일,0,한화,0.161,0.47,0.74,-0.096,0.032,0.323,6.75,1.88,0.8,-0.404,0.875,0.367,0.944,0.83,0.404,0,0.233,3,0.67,0.7,0.096,1.111
2018,7월 27일,0,삼성,0.4,0.94,1.22,0.507,0.04,0.16,9.28,3.19,2.5,-1.007,0.98,0.453,1.094,2.46,1.007,0,0.189,8.18,1.82,1.2,-0.507,0.727
2018,7월 28일,0,삼성,0.206,0.619,1.85,-0.541,0.029,0.412,2.25,1.5,1,0.042,1.125,0.29,0.823,0.99,-0.042,0.032,0.29,2,1.22,1.8,0.541,1.556
2018,7월 29일,0,삼성,0.133,0.524,0.91,-0.393,0.033,0.133,14.63,2,0.6,-0.107,0.75,0.385,1.3,0.61,0.107,0.128,0.154,1,1,0.9,0.393,0.444
2018,7월 31일,1,롯데,0.2,0.681,0.84,0.18,0.033,0.233,1,0.56,0.9,0.32,1.111,0.107,0.31,0.91,-0.32,0,0.357,4.5,1.25,0.8,-0.18,0.875
2018,8월 1일,1,롯데,0.405,1.07,0.48,0.297,0,0.108,1,1.22,0.6,0.203,1.333,0.161,0.542,0.62,-0.203,0,0.387,9,2,0.5,-0.297,0.5
2018,8월 2일,0,롯데,0.212,0.72,0.89,-0.026,0.091,0.121,9,2.33,1,-0.474,0.778,0.409,1.117,0.97,0.474,0.045,0.159,6,0.78,0.9,0.026,0.444
2018,8월 4일,1,두산,0.382,1.081,0.41,0.45,0.029,0.206,5,1.44,0.3,0.05,1,0.297,0.955,0.29,-0.05,0.054,0.243,11.25,2.13,0.4,-0.45,0.875
2018,8월 5일,1,두산,0.364,1.053,1.12,0.464,0.061,0.182,3,1.22,1.2,0.036,0.556,0.242,0.669,1.23,-0.036,0.03,0.152,6.75,1.88,1.1,-0.464,0.75
2018,8월 7일,0,키움,0.219,0.543,1.26,-0.313,0,0.156,10.13,2.5,0.8,-0.187,1,0.475,1.301,0.8,0.187,0.075,0.2,1,1.33,1.3,0.313,0.556
2018,8월 8일,0,키움,0.324,0.825,1.54,0.055,0,0.162,4.66,2.07,1.9,-0.555,0.543,0.385,0.983,1.86,0.555,0.026,0.128,4.5,1.8,1.5,-0.055,0.6
2018,8월 9일,1,롯데,0.194,0.565,0.63,0.217,0.032,0.194,11,1.78,0.9,-0.717,0.889,0.359,1.063,0.85,0.717,0.077,0.205,4,0.78,0.6,-0.217,0.667
2018,8월 11일,1,SK,0.49,1.398,0.53,0.476,0.082,0.102,4,1.11,0.6,0.024,0.444,0.25,0.817,0.56,-0.024,0.063,0.125,18,3.11,0.5,-0.476,0.556
2018,8월 12일,1,SK,0.463,1.445,0.17,0.488,0.148,0.037,8,1.33,0,0.012,0.667,0.278,0.889,0.02,-0.012,0.083,0.167,19,3,0.2,-0.488,0.222
2018,8월 14일,1,LG,0.378,1.097,0.36,0.465,0.027,0.135,8,1.67,0.3,0.035,0.444,0.359,0.819,0.35,-0.035,0,0.103,15.75,3.25,0.4,-0.465,0.625
2018,8월 15일,0,LG,0.229,0.696,0.31,-0.009,0.029,0.229,13,2,0.2,-0.491,0.778,0.4,1.167,0.22,0.491,0.075,0.175,4,1.33,0.3,0.009,0.889
2018,8월 16일,0,롯데,0.405,1.052,1.47,-0.133,0.048,0.214,9,1.38,0.8,-0.367,0.5,0.313,0.865,0.75,0.367,0.063,0.125,6,2.33,1.5,0.133,1
2018,9월 4일,1,두산,0.194,0.659,1.12,0.551,0.028,0.083,5,1.67,0.6,-0.051,0.444,0.297,0.825,0.58,0.051,0.027,0.108,9,1.44,1.1,-0.551,0.333
2018,9월 5일,0,두산,0.206,0.485,0.53,-0.253,0,0.088,15.75,2.63,0.3,-0.247,0.5,0.45,1.214,0.34,0.247,0.075,0.1,1,0.89,0.5,0.253,0.333
2018,9월 6일,1,키움,0.259,0.807,1.29,0.329,0.037,0.296,2,1,0.9,0.171,1.333,0.229,0.613,0.9,-0.171,0,0.343,7.88,1.63,1.3,-0.329,1
2018,9월 7일,1,키움,0.267,0.728,0.74,0.336,0,0.3,5,1.67,1.5,0.164,1.111,0.324,0.771,1.49,-0.164,0.027,0.27,5.63,1.75,0.7,-0.336,1.125
2018,9월 8일,1,삼성,0.353,1.101,0.5,0.327,0.088,0.176,4,1.22,0.4,0.173,0.667,0.235,0.591,0.4,-0.173,0,0.176,12.38,2,0.5,-0.327,0.75
2018,9월 9일,0,삼성,0.125,0.556,1.41,-0.32,0.031,0.281,6,1.56,0.9,-0.18,1.111,0.25,0.675,0.95,0.18,0.028,0.278,5,0.89,1.4,0.32,1
2018,9월 11일,0,NC,0.219,0.85,1.32,0.128,0.063,0.125,6.75,2.5,1.6,-0.628,0.625,0.367,0.892,1.64,0.628,0,0.167,7,1.78,1.3,-0.128,0.444
2018,9월 12일,0,NC,0.257,0.621,0.96,-0.018,0.029,0.143,5.19,1.27,0.7,-0.482,0.976,0.273,0.93,0.69,0.482,0.091,0.242,4,1.11,1,0.018,0.556
2018,9월 14일,1,롯데,0.409,1.048,1.16,0.457,0.023,0.159,5,1.78,1,0.043,1,0.324,0.969,1.02,-0.043,0.029,0.265,9,2.56,1.2,-0.457,0.778
2018,9월 15일,1,SK,0.323,0.867,1.77,0.27,0,0.258,2,0.78,1,0.23,0.778,0.194,0.477,1.02,-0.23,0,0.226,3.38,2.13,1.8,-0.27,1
2018,9월 16일,1,SK,0.351,1.034,2.02,0.775,0.054,0.162,4.5,1.9,1.6,-0.275,0.8,0.317,0.99,1.6,0.275,0.049,0.195,6.75,2.79,2,-0.775,0.659
2018,9월 18일,1,삼성,0.381,1.124,0.42,0.478,0.071,0.143,3,1.11,0.6,0.022,1,0.206,0.623,0.64,-0.022,0.029,0.265,16,2.44,0.4,-0.478,0.667
2018,9월 19일,0,삼성,0.342,1.01,1.09,0.65,0.079,0.158,8.31,2.19,0.9,-1.151,1.585,0.366,1.081,0.92,1.151,0.073,0.317,8,1.89,1.1,-0.65,0.667
2018,9월 20일,1,NC,0.344,0.957,1.34,0.492,0,0.156,6,1.89,1.7,0.008,1,0.286,0.819,1.74,-0.008,0.029,0.257,7.56,1.8,1.3,-0.492,0.617
2018,9월 21일,1,NC,0.286,0.718,1.58,0.754,0,0.257,4,1.33,1.3,-0.121,0.889,0.303,0.636,1.29,0.121,0,0.242,5.63,1.88,1.6,-0.754,1.125
2018,9월 22일,1,한화,0.421,1.021,0.42,0.4,0,0.132,5,0.89,0.3,0.1,0.556,0.2,0.639,0.26,-0.1,0.033,0.167,11,2.44,0.4,-0.4,0.556
2018,9월 23일,0,한화,0.314,0.876,1.25,0.162,0.029,0.229,9,2,1.4,-0.662,1,0.343,1.054,1.4,0.662,0.057,0.229,6,2,1.3,-0.162,0.889
2018,9월 25일,1,KT,0.324,0.933,0.72,0.39,0.027,0.054,5,2,1.3,0.11,0.667,0.275,0.733,1.31,-0.11,0,0.15,7,2.22,0.7,-0.39,0.222
2018,9월 26일,0,KT,0.25,0.646,0.43,-0.119,0,0.188,10.13,2.38,0.3,-0.381,0.5,0.45,1.088,0.27,0.381,0.025,0.1,2,1.33,0.4,0.119,0.667
2018,9월 27일,0,LG,0.1,0.256,0.22,-0.164,0,0.233,7.88,2,0.4,-0.336,0.75,0.355,0.905,0.37,0.336,0,0.194,1,0.56,0.2,0.164,0.778
2018,9월 28일,1,LG,0.222,0.65,1.13,0.239,0.028,0.167,2,1.11,1,0.261,0.667,0.265,0.572,1.02,-0.261,0,0.176,6,1.44,1.1,-0.239,0.667
2018,9월 29일,1,한화,0.267,0.724,0.66,0.066,0.033,0.2,3,0.67,1,0.434,1,0.125,0.395,1,-0.434,0.031,0.281,3.38,1.38,0.7,-0.066,0.75
2018,9월 30일,1,한화,0.417,0.893,1.42,0.382,0,0.139,3,1.22,1.1,0.118,0.778,0.257,0.602,1.07,-0.118,0,0.2,5.63,1.88,1.4,-0.382,0.625
2018,10월 2일,0,NC,0.231,0.739,1.85,-0.17,0.051,0.154,4.91,1.73,0.9,-0.33,0.364,0.348,0.793,0.92,0.33,0,0.087,4.09,1.36,1.8,0.17,0.545
2018,10월 3일,0,삼성,0.353,0.876,0.61,0.016,0.029,0.324,21.38,3.13,0.4,-0.516,1.5,0.455,1.302,0.37,0.516,0.045,0.273,5,1.56,0.6,-0.016,1.222
2018,10월 4일,1,SK,0.306,0.981,0.56,0.377,0.111,0.139,3,1.89,1.2,0.124,1.556,0.286,0.781,1.18,-0.124,0.029,0.4,7,1.44,0.6,-0.377,0.556
2018,10월 6일,0,SK,0.25,0.77,0.79,-0.25,0.083,0.222,5.63,1.75,0.6,-0.25,1,0.324,0.761,0.61,0.25,0,0.235,5,1.11,0.8,0.25,0.889
2018,10월 7일,0,두산,0.25,0.652,1.33,-0.178,0.025,0.2,6.75,1.93,1.8,-0.322,0.549,0.317,0.859,1.76,0.322,0.024,0.122,3.6,1.3,1.3,0.178,0.8
2018,10월 9일,0,롯데,0.267,0.736,1.51,0.671,0,0.267,8.71,2.13,2.2,-1.171,0.594,0.39,0.914,2.2,1.171,0,0.146,6.55,1.73,1.5,-0.671,1.091
2018,10월 10일,1,한화,0.313,0.809,0.75,0.085,0.031,0.219,1,1,0.8,0.415,0.556,0.172,0.583,0.84,-0.415,0.034,0.172,6.75,1.63,0.8,-0.085,0.875
2018,10월 11일,0,롯데,0.161,0.413,1.04,-0.54,0,0.194,4,0.78,0.9,0.04,0.667,0.188,0.556,0.85,-0.04,0.031,0.188,0,0.67,1,0.54,0.667
2018,10월 12일,1,롯데,0.242,0.639,1.01,0.534,0,0.182,3,1.33,1.2,-0.034,1,0.229,0.822,1.22,0.034,0.057,0.257,5.63,1.38,1,-0.534,0.75
2018,10월 13일,0,롯데,0.219,0.492,0.92,-0.351,0,0.25,5,1.22,0.7,-0.149,1,0.242,0.843,0.71,0.149,0.091,0.273,1,0.78,0.9,0.351,0.889
2018,10월 15일,1,키움,0.242,0.797,1.06,0.212,0.061,0.212,5.63,1.88,1,-0.712,0.75,0.324,0.963,0.97,0.712,0.029,0.176,6,1.11,1.1,-0.212,0.778
2019,3월 23일,0,LG,0.107,0.362,1.43,-0.664,0,0.214,2,1.22,0.9,0.164,1.333,0.258,0.678,0.91,-0.164,0,0.387,0,0.67,1.4,0.664,0.667
2019,3월 24일,0,LG,0.25,0.556,0.23,-0.085,0,0.278,8,2,0.3,-0.415,0.556,0.3,0.916,0.28,0.415,0.05,0.125,1,1,0.2,0.085,1.111
2019,3월 26일,0,한화,0.216,0.665,0.86,0.04,0,0.216,13,2.44,0.5,-0.54,0.778,0.421,1.289,0.51,0.54,0.079,0.184,6,1.56,0.9,-0.04,0.889
2019,3월 27일,1,한화,0.361,1.1,0.5,0.384,0.028,0.222,3,1.56,0.7,0.115,0.778,0.257,0.807,0.71,-0.115,0.029,0.2,10.13,2.75,0.5,-0.384,1
2019,3월 28일,1,한화,0.29,1.066,0.95,0.382,0.097,0.097,4,0.78,1,0.118,1.111,0.167,0.479,1.02,-0.118,0,0.333,6.75,2,1,-0.382,0.375
2019,3월 29일,0,KT,0.212,0.471,1.01,-0.076,0,0.394,6.75,2,0.9,-0.424,0.625,0.395,0.989,0.91,0.424,0.026,0.132,3,0.89,1,0.076,1.444
2019,3월 30일,0,KT,0.188,0.516,0.95,-0.288,0,0.313,5.63,2,1,-0.212,1.25,0.303,0.794,0.98,0.212,0.03,0.303,2,1.11,0.9,0.288,1.111
2019,3월 31일,1,KT,0.219,0.552,1.16,0.152,0,0.125,2,1.56,1.8,0.348,1.222,0.25,0.703,1.82,-0.348,0.028,0.306,3,1.33,1.2,-0.152,0.444
2019,4월 2일,1,삼성,0.212,0.69,0.55,0.151,0,0.273,1,0.89,1,0.349,0.889,0.176,0.428,0.97,-0.349,0,0.235,4,1.44,0.5,-0.151,1
2019,4월 3일,0,삼성,0.257,0.622,1.3,-0.246,0,0.371,5.63,0.63,0.8,-0.254,0.5,0.111,0.515,0.83,0.254,0.037,0.148,1,1.33,1.3,0.246,1.444
2019,4월 4일,0,삼성,0.229,0.668,0.62,0.02,0.029,0.171,13.5,2.25,0.3,-0.52,0.75,0.412,1.204,0.33,0.52,0.088,0.176,4,1.44,0.6,-0.02,0.667
2019,4월 5일,1,키움,0.314,0.923,0.63,0.473,0.029,0.257,4,1.89,1.5,0.028,1.222,0.297,0.801,1.5,-0.028,0.027,0.297,5.63,1.63,0.6,-0.473,1.125
2019,4월 6일,0,키움,0.235,0.613,0.82,0.113,0.029,0.235,12,2.78,0.7,-0.613,0.667,0.35,0.931,0.71,0.613,0,0.15,4,1.22,0.8,-0.113,0.889
2019,4월 10일,1,NC,0.273,0.783,1.72,-0.184,0.03,0.182,0.9,1.2,1.5,0.683,0.6,0.235,0.61,1.46,-0.683,0,0.176,1.86,1.24,1.7,0.184,0.652
2019,4월 11일 ,0,NC,0.265,0.677,1.45,-0.494,0,0.265,4,1.33,0.9,-0.006,1,0.333,0.74,0.85,0.006,0,0.25,2,1.33,1.5,0.494,1
2019,4월 13일,1,SK,0.261,0.59,1.84,0.119,0,0.217,3,1.75,2.3,-0.119,0.917,0.222,0.706,2.32,0.119,0,0.244,1.5,1.17,1.8,-0.119,0.833
2019,4월 14일,1,SK,0.242,0.732,0.99,0.536,0.061,0.152,4,1.78,0.8,-0.036,0.889,0.229,0.844,0.83,0.036,0.057,0.229,6,1,1,-0.536,0.556
2019,4월 16일,0,롯데,0.342,0.889,1.31,0.278,0,0.237,11.25,2.25,1,-0.778,1.125,0.342,0.889,1.31,0.278,0,0.237,9,2.44,1.3,-0.278,1
2019,4월 17일,0,롯데,0.333,0.907,1.49,0.142,0.048,0.31,7.71,2.14,1.6,-0.642,0.769,0.39,1.066,1.63,0.642,0.049,0.171,5.4,1.8,1.5,-0.142,1.3
2019,4월 18일,0,롯데,0.289,0.846,1.37,0.656,0.053,0.184,10.38,2.31,1.5,-1.156,0.732,0.361,1.123,1.47,1.156,0.028,0.167,9,1.78,1.4,-0.656,0.778
2019,4월 19일,0,두산,0.368,1.046,1.7,-0.118,0.026,0.184,8,1.78,1.5,-0.382,0.444,0.212,0.885,1.46,0.382,0.03,0.121,4,2.22,1.7,0.118,0.778
2019,4월 20일,0,두산,0.167,0.469,0.55,-0.268,0,0.133,10,2.56,0.5,-0.232,0.333,0.4,1.186,0.5,0.232,0.029,0.086,1,0.89,0.5,0.268,0.444
2019,4월 21일,0,두산,0.188,0.51,0.7,-0.264,0,0.125,9,1.78,0.6,-0.236,0.667,0.294,0.919,0.62,0.236,0.059,0.176,2,0.89,0.7,0.264,0.444
2019,4월 23일,0,LG,0.103,0.385,0.42,-0.152,0,0.207,10.13,2.25,0.6,-0.348,0.375,0.29,0.966,0.61,0.348,0.032,0.097,2,0.56,0.4,0.152,0.667
2019,4월 24일,0,LG,0.188,0.538,0.32,-0.145,0,0.281,7.88,1.88,0.4,-0.355,0.5,0.378,0.898,0.35,0.355,0,0.108,3,1,0.3,0.145,1
2019,4월 26일,0,키움,0.35,0.856,0.77,-0.102,0,0.15,7.88,1.75,0.8,-0.398,1,0.258,0.753,0.76,0.398,0,0.258,4,1.78,0.8,0.102,0.667
2019,4월 27일,1,키움,0.273,0.724,1.41,0.422,0,0.212,4,1,0.9,0.078,0.889,0.229,0.707,0.94,-0.078,0.057,0.229,5,1.78,1.4,-0.422,0.778
2019,4월 28일,0,키움,0.35,0.795,1.11,0.198,0,0.175,12.38,2.63,1,-0.698,0.625,0.41,1.041,0.98,0.698,0.026,0.128,4,1.89,1.1,-0.198,0.778
2019,4월 30일,1,삼성,0.265,0.707,0.62,0.28,0.029,0.206,0,0.78,0.4,0.22,0.667,0.182,0.501,0.42,-0.22,0,0.182,4.5,1.5,0.6,-0.28,0.875
2019,5월 1일,0,삼성,0.297,0.712,0.69,-0.108,0,0.135,9,2.11,0.4,-0.392,0.333,0.405,1.103,0.4,0.392,0.027,0.081,2,1.44,0.7,0.108,0.556
2019,5월 2일,1,삼성,0.313,0.832,0.4,0.354,0.031,0.094,1,0.67,0.2,0.146,0.556,0.161,0.343,0.25,-0.146,0,0.161,6.75,1.75,0.4,-0.354,0.375
2019,5월 3일,1,NC,0.257,0.852,0.62,0.325,0.057,0.114,4,1.56,0.7,0.175,1.222,0.265,0.918,0.72,-0.175,0.088,0.324,8,1.78,0.6,-0.325,0.444
2019,5월 4일,0,NC,0.167,0.36,0.95,-0.531,0,0.233,3.38,1.25,1.1,0.031,0.75,0.25,0.658,1.06,-0.031,0.031,0.188,1,0.67,0.9,0.531,0.778
2019,5월 5일,0,NC,0.206,0.479,0.33,-0.107,0,0.147,10.13,2.63,0.3,-0.393,0.625,0.415,0.953,0.35,0.393,0,0.122,3,1,0.3,0.107,0.556
2019,5월 7일,0,두산,0.25,0.664,2.25,-0.032,0,0.031,3.12,1.04,1.3,-0.468,1.098,0.188,0.52,1.31,0.468,0,0.281,3,1.44,2.2,0.032,0.111
2019,5월 8일,0,두산,0.107,0.326,1.74,-0.725,0,0.179,1.13,1.25,1.2,0.225,1,0.258,0.593,1.22,-0.225,0,0.258,0,0.78,1.7,0.725,0.556
2019,5월 9일,1,두산,0.324,0.84,1.63,0.353,0,0.297,1,1.22,0.9,0.147,0.444,0.265,0.591,0.88,-0.147,0,0.118,5,1.67,1.6,-0.353,1.222
2019,5월 10일,0,SK,0.242,0.641,1.04,-0.368,0,0.212,4,1.11,0.6,-0.132,0.444,0.188,0.59,0.59,0.132,0.031,0.125,1,1.11,1,0.368,0.778
2019,5월 11일,0,SK,0.206,0.603,0.84,-0.15,0.029,0.088,9,1.89,0.7,-0.35,0.444,0.366,0.97,0.67,0.35,0.049,0.098,3,1,0.8,0.15,0.333
2019,5월 12일,0,SK,0.306,0.779,1.88,-0.474,0,0.222,4,1.44,1.1,-0.026,0.444,0.233,0.718,1.06,0.026,0.033,0.133,3,1.78,1.9,0.474,0.889
2019,5월 14일,0,KT,0.069,0.169,1.02,-0.505,0,0.172,6,1.78,0.9,0.005,1,0.333,0.883,0.9,-0.005,0.026,0.231,0,0.33,1,0.505,0.556
2019,5월 15일,0,KT,0.206,0.515,1,-0.128,0,0.265,7,2.11,0.9,-0.372,1,0.366,1.008,0.91,0.372,0.024,0.22,0,1,1,0.128,1
2019,5월 16일,0,KT,0.182,0.524,0.83,-0.271,0,0.061,6,1.56,0.5,-0.229,0.667,0.324,0.954,0.5,0.229,0.081,0.162,2,1.11,0.8,0.271,0.222
2019,5월 17일,1,한화,0.278,0.786,0.99,0.241,0.028,0.222,0,0.56,1.1,0.259,1.111,0.125,0.333,1.08,-0.259,0,0.313,5,1.56,1,-0.241,0.889
2019,5월 18일,0,한화,0.242,0.68,1.1,-0.312,0.03,0.303,5.63,1.5,0.8,-0.188,0.25,0.226,0.738,0.76,0.188,0.032,0.065,2,1,1.1,0.312,1.111
2019,5월 19일,1,한화,0.343,0.839,0.66,0.148,0,0.2,0,0.44,0.7,0.352,1.111,0.125,0.281,0.75,-0.352,0,0.313,4,1.78,0.7,-0.148,0.778
2019,5월 21일,1,롯데,0.457,1.181,0.7,0.371,0,0.114,6,1.56,1,0.129,1.111,0.333,0.857,1,-0.129,0.028,0.278,11.25,2.63,0.7,-0.371,0.5
2019,5월 22일,1,롯데,0.27,0.846,1.55,0.454,0.054,0.189,4.5,1.3,1.7,0.046,1.1,0.314,0.819,1.65,-0.046,0.029,0.314,5.79,1.82,1.6,-0.454,0.769
2019,5월 23일,1,롯데,0.214,0.67,0.76,0.032,0.071,0.179,1,0.78,1.1,0.467,1,0.129,0.335,1.14,-0.467,0,0.29,3.38,0.88,0.8,-0.032,0.625
2019,5월 24일,1,KT,0.351,0.914,0.57,0.294,0.027,0.135,4,2,1.2,0.206,0.667,0.342,0.813,1.19,-0.206,0,0.158,7.88,1.88,0.6,-0.294,0.625
2019,5월 25일,1,KT,0.371,0.922,0.43,0.286,0,0.086,1,0.89,0.3,0.214,1.111,0.182,0.525,0.34,-0.214,0.03,0.303,11.25,2.38,0.4,-0.286,0.375
2019,5월 26일,1,KT,0.455,1.215,0.21,0.336,0.045,0.068,4,2,0.4,0.164,0.667,0.342,0.787,0.38,-0.164,0,0.158,18,3.13,0.2,-0.336,0.375
2019,5월 28일,0,한화,0.125,0.277,1.02,-0.572,0,0.281,2.25,1.63,0.7,0.072,0.625,0.321,0.751,0.75,-0.072,0,0.179,0,0.56,1,0.572,1
2019,5월 29일,1,한화,0.306,0.824,0.73,-0.006,0.028,0.111,1,0.67,1.1,0.506,1.111,0.172,0.4,1.1,-0.506,0,0.345,3,1.33,0.7,0.006,0.444
2019,5월 30일,1,한화,0.206,0.661,0.82,-0.098,0.029,0.235,2,1,1.9,0.598,0.778,0.219,0.504,1.89,-0.598,0,0.219,3,1.22,0.8,0.098,0.889
2019,5월 31일,1,키움,0.345,0.766,1.04,-0.003,0,0.172,2,1.11,1.6,0.503,1.111,0.257,0.592,1.57,-0.503,0,0.286,3.38,1.5,1,0.003,0.625
2019,6월 1일,0,키움,0.206,0.572,1.35,-0.548,0,0.235,4,1.89,0.8,0.048,0.667,0.324,0.88,0.81,-0.048,0,0.176,0,1.22,1.4,0.548,0.889
2019,6월 2일,0,키움,0.243,0.781,1.47,-0.138,0.027,0.162,6,1.11,1,-0.362,1.333,0.212,0.509,1.02,0.362,0,0.364,4,1.67,1.5,0.138,0.667
2019,6월 4일,0,두산,0.359,0.826,0.92,-0.209,0,0.179,7,2,0.6,-0.291,0.333,0.278,0.826,0.56,0.291,0.028,0.083,2,1.78,0.9,0.209,0.778
2019,6월 5일,0,두산,0.258,0.771,1.4,-0.294,0.032,0.258,4,1.44,1.4,-0.206,0.222,0.27,0.693,1.41,0.206,0,0.054,4,1.33,1.4,0.294,0.889
2019,6월 6일,1,두산,0.421,1.031,0.3,0.369,0,0.026,3,1.33,0.4,0.131,0.889,0.265,0.736,0.39,-0.131,0.029,0.235,13.5,2.25,0.3,-0.369,0.125
2019,6월 7일,0,NC,0.267,0.69,1.37,-0.371,0.033,0.167,1.13,1.13,1.2,-0.129,1.25,0.25,0.719,1.17,0.129,0.036,0.357,1,1,1.4,0.371,0.556
2019,6월 8일,0,NC,0.194,0.555,1.38,-0.013,0.032,0.226,4.32,2.16,1,-0.487,0.494,0.395,0.968,1.02,0.487,0,0.105,4,0.89,1.4,0.013,0.778
2019,6월 9일,0,NC,0.324,0.837,1.71,-0.442,0.027,0.162,4.5,1.63,0.8,-0.058,1,0.3,0.772,0.77,0.058,0,0.267,3,2.11,1.7,0.442,0.667
2019,6월 11일,1,삼성,0.364,0.841,0.81,0.338,0,0.121,1,1.33,0.8,0.162,0.667,0.25,0.615,0.83,-0.162,0,0.188,7.88,2.13,0.8,-0.338,0.5
2019,6월 12일,1,삼성,0.303,0.748,0.65,0.332,0,0.212,3,1.78,1,0.168,1.111,0.35,0.756,1.01,-0.168,0,0.25,6.75,1.88,0.7,-0.332,0.875
2019,6월 13일,1,삼성,0.219,0.686,2.12,0.271,0,0.188,2,1,1,0.229,0.333,0.214,0.634,1.02,-0.229,0.036,0.107,3.12,1.15,2.1,-0.271,0.732
2019,6월 15일,0,롯데,0.129,0.422,0.8,-0.405,0,0.161,7.88,1.5,0.5,-0.095,1.125,0.306,0.759,0.47,0.095,0.028,0.25,0,0.89,0.8,0.405,0.556
2019,6월 16일,0,롯데,0.324,0.84,0.78,-0.223,0.027,0.243,10.13,2.38,0.4,-0.277,0.875,0.324,1.083,0.41,0.277,0.059,0.206,5,1.78,0.8,0.223,1
2019,6월 18일,1,SK,0.333,0.808,1.04,0.207,0.033,0.2,2,0.67,1,0.293,0.667,0.194,0.445,0.95,-0.293,0,0.194,4.5,1.5,1,-0.207,0.75
2019,6월 19일,0,SK,0.273,0.624,1.05,-0.243,0,0.303,7,1.78,0.7,-0.257,0.333,0.342,0.869,0.69,0.257,0.026,0.079,1,1.44,1.1,0.243,1.111
2019,6월 20일,1,SK,0.231,0.669,0.82,0.567,0,0.192,5,0.89,0.9,-0.067,0.889,0.182,0.532,0.89,0.067,0.03,0.242,9,1.5,0.8,-0.567,0.625
2019,6월 21일,0,LG,0.314,0.925,1.57,0.454,0,0.2,9,2.25,1.8,-0.954,0.75,0.361,1.076,1.75,0.954,0.056,0.167,7,2.44,1.6,-0.454,0.778
2019,6월 22일,1,LG,0.161,0.515,0.8,-0.092,0.032,0.161,2,1,1.6,0.592,0.667,0.188,0.538,1.65,-0.592,0,0.188,3,0.89,0.8,0.092,0.556
2019,6월 23일,1,LG,0.45,1.086,0.8,0.18,0,0.25,0,0.78,0.6,0.32,0.778,0.188,0.4,0.63,-0.32,0,0.219,7,2.67,0.8,-0.18,1.111
2019,6월 25일,0,키움,0.242,0.585,0.83,-0.088,0,0.212,6.75,1.75,0.6,-0.412,0.875,0.306,0.803,0.64,0.412,0.028,0.194,3,1.33,0.8,0.088,0.778
2019,6월 26일,1,키움,0.386,1.085,0.32,0.326,0.068,0.227,6,1.44,0.4,0.174,0.556,0.206,0.636,0.43,-0.174,0,0.147,13,2.22,0.3,-0.326,1.111
2019,6월 27일,0,키움,0.129,0.343,0.96,-0.231,0,0.226,9,1.75,0.9,-0.269,1,0.351,0.963,0.87,0.269,0.054,0.216,1,0.56,1,0.231,0.778
2019,6월 28일,0,KT,0.103,0.334,0.46,-0.134,0,0.241,9,2.13,0.3,-0.366,0.75,0.444,1.058,0.33,0.366,0.028,0.167,1,0.56,0.5,0.134,0.778
2019,6월 29일,0,KT,0.133,0.354,0.99,-0.207,0,0.2,5.63,1.75,1.2,-0.292,0.125,0.313,0.889,1.17,0.292,0.063,0.031,2,0.67,1,0.207,0.667
2019,6월 30일,0,KT,0.189,0.556,1.62,-0.587,0,0.189,2.61,1.26,1.5,0.087,0.99,0.293,0.773,1.47,-0.087,0.049,0.244,2.45,1.09,1.6,0.587,0.636
2019,7월 2일,1,NC,0.258,0.591,1.4,0.332,0,0.226,2,1.22,1,0.168,0.778,0.219,0.802,1.01,-0.168,0.063,0.219,4.5,1.5,1.4,-0.332,0.875
2019,7월 3일,0,NC,0.297,0.712,0.82,-0.089,0,0.162,8,1.67,1,-0.411,0.444,0.212,0.729,1.04,0.411,0,0.121,4,1.44,0.8,0.089,0.667
2019,7월 4일,0,NC,0.242,0.611,0.58,-0.215,0,0.212,9,2.67,0.6,-0.285,0.333,0.465,1.151,0.56,0.285,0.023,0.07,3,1.11,0.6,0.215,0.778
2019,7월 5일,1,LG,0.344,0.746,0.47,0.227,0,0.063,1,1,0.7,0.273,0.889,0.194,0.576,0.66,-0.273,0,0.258,6.75,1.63,0.5,-0.227,0.25
2019,7월 6일,1,LG,0.226,0.803,0.47,0.253,0.065,0.194,0,0.44,0.4,0.247,1,0.069,0.198,0.42,-0.247,0,0.31,7.88,1.38,0.5,-0.253,0.75
2019,7월 7일,0,LG,0.316,0.816,1.64,-0.012,0.026,0.289,7,1.67,1.1,-0.688,0.556,0.343,0.905,1.14,0.688,0.029,0.143,9,1.78,1.6,0.012,1.222
2019,7월 9일,0,삼성,0.226,0.706,1.28,-0.122,0.032,0.097,3.12,1.62,1.9,-0.398,0.854,0.229,0.627,1.85,0.398,0,0.2,2,1.44,1.3,0.122,0.333
2019,7월 11일,0,삼성,0.212,0.589,1.53,-0.33,0,0.394,4.5,1,1.1,-0.17,1.375,0.241,0.715,1.14,0.17,0.034,0.379,1,1.33,1.5,0.33,1.444
2019,7월 12일,1,한화,0.241,0.761,0.55,0.209,0.069,0.138,0,0.78,0.6,0.291,0.778,0.133,0.379,0.63,-0.291,0,0.233,5.63,1.25,0.5,-0.209,0.5
2019,7월 13일,0,한화,0.243,0.651,0.61,-0.169,0.027,0.216,10,1.89,0.4,-0.331,0.222,0.359,0.985,0.39,0.331,0.051,0.051,5,1.33,0.6,0.169,0.889
2019,7월 14일,1,한화,0.417,1.211,0.84,0.683,0.083,0.083,6,1.89,1.5,-0.183,0.556,0.324,0.891,1.5,0.183,0.027,0.135,11.25,2.5,0.8,-0.683,0.375
2019,7월 17일,1,롯데,0.241,0.625,0.69,0.044,0,0.207,1,0.56,1,0.457,1.111,0.129,0.414,1.04,-0.457,0.032,0.323,2.25,1.38,0.7,-0.044,0.75
2019,7월 18일,0,롯데,0.219,0.567,1.12,-0.148,0,0.156,3,1.44,0.8,-0.352,0.667,0.306,0.714,0.77,0.352,0,0.167,2,1,1.1,0.148,0.556
2019,7월 27일,0,두산,0.194,0.632,0.49,-0.196,0.032,0.129,12.38,2.63,0.3,-0.304,0.375,0.415,1.029,0.31,0.304,0.024,0.073,1,1.33,0.5,0.196,0.444
2019,7월 30일,1,SK,0.194,0.713,0.78,-0.121,0,0.194,0,0.56,1.1,0.621,0.778,0.111,0.358,1.13,-0.621,0,0.259,2,1.67,0.8,0.121,0.667
2019,7월 31일,1,SK,0.306,0.833,0.89,0.223,0.028,0.222,2,0.89,1,0.277,0.889,0.133,0.402,1.02,-0.277,0,0.267,6,2.22,0.9,-0.223,0.889
2019,8월 1일,0,SK,0.156,0.416,0.23,-0.045,0,0.188,11.25,1.75,0.3,-0.455,0.875,0.333,1.035,0.31,0.455,0.083,0.194,1,0.78,0.2,0.045,0.667
2019,8월 3일,1,NC,0.303,0.816,0.41,0.248,0.03,0.182,0,0.67,0.6,0.252,0.889,0.103,0.316,0.62,-0.252,0,0.276,5.63,1.5,0.4,-0.248,0.75
2019,8월 4일,1,NC,0.115,0.379,0.67,-0.242,0.038,0.115,0,0.22,1.2,0.742,0.778,0.069,0.138,1.22,-0.742,0,0.241,1.13,0.5,0.7,0.242,0.375
2019,8월 6일,0,LG,0.359,0.785,0.33,0.058,0,0.103,16,2.56,0.5,-0.559,1.111,0.4,1.005,0.46,0.559,0.022,0.222,4,1.67,0.3,-0.058,0.444
2019,8월 7일,1,LG,0.375,0.885,0.93,0.592,0,0.188,4,1.22,0.7,-0.092,0.778,0.258,0.605,0.67,0.092,0,0.226,10.13,2,0.9,-0.592,0.75
2019,8월 8일,1,한화,0.367,0.829,1.38,0.297,0,0.167,2,1.22,1.2,0.203,0.556,0.206,0.577,1.18,-0.203,0,0.147,5.63,1.88,1.4,-0.297,0.625
2019,8월 9일,1,한화,0.368,0.929,0.84,0.284,0,0.132,2,1.33,0.6,0.216,0.778,0.278,0.752,0.6,-0.216,0.056,0.194,9,2.13,0.8,-0.284,0.625
2019,8월 10일,1,삼성,0.324,0.987,0.65,0.237,0.027,0.108,2,0.67,0.8,0.263,0.444,0.167,0.56,0.75,-0.263,0.067,0.133,6,1.67,0.7,-0.237,0.444
2019,8월 11일,0,삼성,0.263,0.706,1.29,-0.028,0,0.184,5.63,2,2,-0.472,1,0.303,0.809,1.99,0.472,0.03,0.242,3,1.78,1.3,0.028,0.778
2019,8월 13일,0,두산,0.273,0.784,1.68,-0.373,0,0.152,4,1.22,0.9,-0.127,0.556,0.226,0.813,0.93,0.127,0.065,0.161,2,1.78,1.7,0.373,0.556
2019,8월 14일,1,두산,0.267,0.657,0.96,0.041,0,0.1,0,1.33,1.4,0.459,0.444,0.219,0.543,1.41,-0.459,0,0.125,4.5,1.25,1,-0.041,0.375
2019,8월 15일,0,SK,0.257,0.767,1.33,-0.139,0.029,0.286,7,1.78,0.6,-0.361,0.889,0.297,0.921,0.56,0.361,0.027,0.216,5,1.89,1.3,0.139,1.111
2019,8월 16일,1,SK,0.207,0.51,1.51,-0.187,0,0.103,0,0.44,1.2,0.687,1.222,0.1,0.229,1.23,-0.687,0,0.367,0,1.2,1.5,0.187,0.37
2019,8월 17일,0,KT,0.278,0.778,1.43,-0.394,0.028,0.111,3.6,1.7,2.1,-0.105,0.9,0.3,0.766,2.05,0.105,0.025,0.225,2.7,1.2,1.4,0.394,0.4
2019,8월 18일,0,KT,0.257,0.612,1.77,-0.728,0,0.286,2,1.44,1.1,0.228,0.778,0.161,0.495,1.12,-0.228,0,0.226,1,1.22,1.8,0.728,1.111
2019,8월 20일,0,LG,0.2,0.511,0.17,-0.112,0,0.143,14.63,2.63,0.2,-0.388,1.125,0.35,0.896,0.22,0.388,0,0.225,2,1.22,0.2,0.112,0.556
2019,8월 21일,0,LG,0.257,0.679,1.32,-0.185,0.029,0.2,5.63,1.63,1,-0.315,0.625,0.333,0.755,1.01,0.315,0,0.152,4,1.22,1.3,0.185,0.778
2019,8월 23일,0,키움,0.295,0.789,1.2,-0.214,0,0.068,3.75,0.92,1,0.214,0.583,0.227,0.608,1,-0.214,0.023,0.159,3.75,1.58,1.2,0.214,0.25
2019,8월 24일,0,SK,0.206,0.441,0.67,-0.314,0,0.206,6.75,2,0.5,-0.186,0.75,0.353,0.892,0.48,0.186,0,0.176,0,0.78,0.7,0.314,0.778
2019,8월 25일,1,SK,0.212,0.538,1.34,-0.386,0.03,0.212,4.5,1.63,1,-0.114,0.625,0.267,0.756,1.04,0.114,0,0.167,3,0.89,1.3,0.386,0.778
2019,8월 27일,0,삼성,0.188,0.525,0.99,-0.523,0.031,0.156,10,1.89,0.9,0.023,0.111,0.378,0.878,0.92,-0.023,0,0.027,1,0.78,1,0.523,0.556
2019,8월 28일,1,삼성,0.233,0.733,0.76,0.2,0.033,0.167,1,1.33,1,0.3,0.556,0.212,0.558,1.01,-0.3,0,0.152,5.63,1.38,0.8,-0.2,0.625
2019,8월 29일,0,NC,0.206,0.515,1.45,-0.367,0,0.265,4.5,1.5,0.7,-0.133,0.625,0.345,0.961,0.65,0.133,0.034,0.172,3,1,1.4,0.367,1
2019,8월 30일,1,NC,0.35,0.934,0.62,0.4,0.025,0.125,2,1.44,0.5,0.1,0.222,0.257,0.684,0.54,-0.1,0.029,0.057,7,2,0.6,-0.4,0.556
2019,8월 31일,1,롯데,0.29,0.782,1.08,0.148,0.032,0.258,1,0.89,1.1,0.352,1.111,0.212,0.621,1.12,-0.352,0.03,0.303,3.38,1.63,1.1,-0.148,1
2019,9월 1일,1,롯데,0.406,1.004,0.77,0.15,0.031,0.219,2,1.11,1.3,0.35,1.111,0.257,0.563,1.33,-0.35,0,0.286,4.5,1.88,0.8,-0.15,0.875
2019,9월 3일,1,한화,0.278,0.81,1.15,0.184,0.028,0.194,1,1.33,1.6,0.316,1.778,0.265,0.695,1.63,-0.316,0,0.471,6,1.56,1.1,-0.184,0.778
2019,9월 4일,1,한화,0.219,0.574,0.91,-0.342,0,0.219,0,0.67,1.5,0.842,1.333,0.161,0.349,1.47,-0.842,0,0.387,1,1.22,0.9,0.342,0.778
2019,9월 6일,0,KT,0.286,0.61,0.8,-0.242,0,0.171,5.63,1.63,0.7,-0.258,0.625,0.314,0.94,0.7,0.258,0.057,0.143,1,1.33,0.8,0.242,0.667
2019,9월 7일,0,키움,0.265,0.559,0.69,-0.224,0,0.147,7,2.22,1,-0.275,0.667,0.351,0.806,0.96,0.275,0,0.162,3,1,0.7,0.224,0.556
2019,9월 8일,0,키움,0.229,0.575,0.18,-0.101,0,0.2,10,2.67,0.4,-0.4,0.556,0.356,1.031,0.36,0.4,0.044,0.111,2,1.22,0.2,0.101,0.778
2019,9월 10일,0,롯데,0.294,0.741,0.68,-0.141,0.029,0.206,5.63,2.13,0.4,-0.359,0.625,0.361,0.831,0.39,0.359,0,0.139,3,1.56,0.7,0.141,0.778
2019,9월 11일,1,롯데,0.257,0.864,0.86,0.151,0.057,0.171,0,0.33,0.7,0.349,0.778,0.1,0.2,0.71,-0.349,0,0.233,4,1.44,0.9,-0.151,0.667
2019,9월 12일,0,두산,0.094,0.246,0.6,-0.339,0,0.156,5.63,1.38,0.5,-0.161,0.5,0.333,0.727,0.45,0.161,0,0.121,0,0.33,0.6,0.339,0.556
2019,9월 13일,0,두산,0.226,0.484,0.66,-0.253,0,0.032,4.5,1.25,0.5,-0.247,0.125,0.281,0.7,0.49,0.247,0,0.031,2,0.78,0.7,0.253,0.111
2019,9월 14일,0,LG,0.194,0.412,0.51,-0.16,0,0.129,6.75,1.63,0.3,-0.34,0.875,0.324,0.832,0.32,0.34,0.029,0.206,1,0.78,0.5,0.16,0.444
2019,9월 17일,1,NC,0.214,0.611,1.4,0.013,0,0.25,2,0.56,1.2,0.487,0.778,0.1,0.356,1.19,-0.487,0.033,0.233,2.25,1.5,1.4,-0.013,0.875
2019,9월 18일,1,롯데,0.324,0.755,1.57,0.556,0,0.176,4,1.56,1.1,-0.057,0.556,0.286,0.762,1.13,0.057,0,0.143,6.75,1.5,1.6,-0.556,0.75
2019,9월 19일,0,삼성,0.306,0.658,0.37,-0.213,0,0.167,13.5,2.25,0.3,-0.287,1.125,0.368,1.195,0.27,0.287,0.079,0.237,2,1.33,0.4,0.213,0.667
2019,9월 20일,0,두산,0.219,0.548,0.4,-0.231,0.031,0.188,4.5,1.25,0.5,-0.269,0.875,0.265,0.55,0.52,0.269,0,0.206,2,0.89,0.4,0.231,0.667
2019,9월 21일,0,두산,0.222,0.493,1.03,-0.264,0,0.194,5.63,2.13,0.7,-0.236,0.5,0.353,0.818,0.68,0.236,0,0.118,2,1,1,0.264,0.778
2019,9월 23일,0,KT,0.212,0.538,1.4,-0.618,0,0.303,2.25,1.63,1.2,0.118,0.75,0.344,0.838,1.24,-0.118,0,0.188,1,0.89,1.4,0.618,1.111
2019,9월 24일,1,키움,0.324,0.92,0.9,0.057,0.029,0.118,0,1,0.9,0.443,0.889,0.235,0.492,0.93,-0.443,0,0.235,5.63,1.63,0.9,-0.057,0.5
2019,9월 26일,1,롯데,0.097,0.437,0.57,0.014,0.032,0.29,1,0.67,1,0.486,1.111,0.129,0.44,1.01,-0.486,0.032,0.323,2,0.89,0.6,-0.014,1
2019,9월 28일,1,LG,0.361,0.828,0.81,0.187,0,0.25,1,1.11,1.1,0.313,0.778,0.172,0.549,1.13,-0.313,0,0.241,7.88,2,0.8,-0.187,1.125
2020,05월 05일,0,키움,0.188,0.516,0.47,-0.195,0,0.219,11,2,0.4,-0.305,0.556,0.316,0.962,0.41,0.305,0.052,0.132,0,1.11,0.5,0.195,0.778
2020,05월 06일,0,키움,0.257,0.678,1.47,-0.53,0.029,0.257,2,0.89,1.2,0.03,1.222,0.226,0.558,1.2,-0.03,0,0.355,2,1.11,1.5,0.53,1
2020,05월 07일,1,키움,0.421,1.12,1.81,0.516,0.053,0.184,5,1.33,0.8,-0.016,0.667,0.265,0.786,0.85,0.016,0.029,0.176,9,2.5,1.8,-0.516,0.875
2020,05월 08일,0,삼성,0.167,0.506,0.71,-0.334,0,0.3,4.5,1.63,0.4,-0.166,0.75,0.2,0.751,0.43,0.166,0.033,0.2,0,1.22,0.7,0.334,1
2020,05월 09일,0,삼성,0.241,0.785,0.86,-0.178,0.034,0.138,14.63,2.5,0.8,-0.322,1.125,0.361,0.978,0.76,0.322,0,0.25,2,1.22,0.9,0.178,0.444
2020,05월 10일,1,삼성,0.357,1.024,0.45,0.52,0.048,0.167,3,1,0.3,-0.02,0.667,0.194,0.709,0.33,0.02,0.064,0.194,8,2.22,0.4,-0.52,0.778
2020,05월 12일,1,한화,0.133,0.473,1.58,-0.009,0.033,0.267,1,1.11,1.5,0.509,0.889,0.242,0.558,1.5,-0.509,0,0.242,2,0.78,1.6,0.009,0.889
2020,05월 13일,1,한화,0.242,0.678,1.23,0.022,0,0.364,3,1.22,2.1,0.478,0.667,0.257,0.63,2.07,-0.478,0,0.171,3,1.67,1.2,-0.022,1.333
2020,05월 14일,0,한화,0.156,0.406,0.58,-0.293,0,0.281,4.5,1.25,0.4,-0.207,1.625,0.25,0.638,0.38,0.207,0,0.406,1,0.56,0.6,0.293,1
2020,05월 15일,0,두산,0.222,0.55,0.67,-0.101,0,0.083,7,2.22,0.8,-0.399,0.556,0.419,1.166,0.77,0.399,0.07,0.116,0,1.33,0.7,0.101,0.333
2020,05월 16일,1,두산,0.421,1.225,0.23,0.354,0.053,0.079,4,1.22,0.4,0.146,1.111,0.257,0.773,0.42,-0.146,0.028,0.286,14.63,2.63,0.2,-0.354,0.375
2020,05월 17일,0,두산,0.229,0.661,1.07,-0.257,0.029,0.286,5,1.78,0.7,-0.243,1.222,0.375,0.865,0.7,0.243,0,0.275,2,1.22,1.1,0.257,1.111
2020,05월 19일,1,롯데,0.432,1.176,0.25,0.33,0.081,0.162,2,1.11,0.5,0.17,1.333,0.188,0.489,0.47,-0.17,0,0.375,10.13,2.5,0.3,-0.33,0.75
2020,05월 20일,1,롯데,0.273,0.897,0.3,0.273,0.061,0.242,0,0.67,0.4,0.227,1.111,0.107,0.326,0.44,-0.227,0,0.357,6.75,1.63,0.3,-0.273,1
2020,05월 21일,1,롯데,0.281,0.691,0.47,0.318,0,0.156,1,0.78,0.5,0.182,0.556,0.226,0.484,0.53,-0.182,0,0.161,6.75,1.75,0.5,-0.318,0.625
2020,05월 22일,1,SK,0.242,0.606,1.4,-0.215,0,0.182,0,0.78,1.5,0.715,0.889,0.188,0.431,1.49,-0.715,0,0.25,2,1.33,1.4,0.215,0.667
2020,05월 23일,1,SK,0.265,0.778,0.69,0.339,0.029,0.265,3,1.33,1.1,0.193,0.889,0.281,0.767,1.07,-0.193,0.031,0.25,8,1.67,0.7,-0.339,1
2020,05월 24일,0,SK,0.3,0.68,1.71,-0.578,0,0.12,1.54,0.94,1.4,0.078,0.357,0.195,0.511,1.42,-0.078,0,0.098,0.75,1.5,1.7,0.578,0.5
2020,05월 26일,1,KT,0.343,0.813,1,-0.006,0,0.143,0,0.56,1.1,0.506,1.556,0.129,0.311,1.09,-0.506,0,0.452,4,2,1,0.006,0.556
2020,05월 27일,0,KT,0.161,0.418,0.76,-0.389,0,0.258,5.63,1.38,0.5,-0.111,0.75,0.3,0.8,0.54,0.111,0,0.2,0,0.89,0.8,0.389,0.889
2020,05월 28일,0,KT,0.273,0.836,1.23,-0.191,0.061,0.182,6.75,1.88,1.2,-0.309,0.75,0.333,0.746,1.24,0.309,0,0.167,5,1.44,1.2,0.191,0.667
2020,05월 29일,0,LG,0.206,0.662,0.89,-0.407,0.059,0.147,6,1.44,0.8,-0.093,0.556,0.303,0.876,0.79,0.093,0.06,0.152,2,1,0.9,0.407,0.556
2020,05월 30일,1,LG,0.378,0.932,0.93,0.227,0.027,0.108,5,1.33,0.4,0.273,1.111,0.188,0.66,0.45,-0.273,0.031,0.313,6.75,2.25,0.9,-0.227,0.5
2020,05월 31일,0,LG,0.289,0.834,0.76,0.121,0.053,0.132,13,2.44,0.6,-0.621,0.778,0.455,1.138,0.57,0.621,0,0.159,5,1.33,0.8,-0.121,0.556
2020,06월 02일,1,롯데,0.343,0.938,0.85,0.375,0.057,0.143,2,1,0.8,0.125,0.889,0.219,0.702,0.82,-0.125,0.062,0.25,7.88,1.88,0.8,-0.375,0.625
2020,06월 03일,1,롯데,0.378,1.002,0.78,0.327,0.027,0.162,2,0.56,0.4,0.173,0.667,0.1,0.415,0.44,-0.173,0.033,0.2,12.38,2.5,0.8,-0.327,0.75
2020,06월 04일,1,롯데,0.273,0.87,0.35,0.254,0.091,0.091,3,1.44,0.7,0.246,0.778,0.278,0.639,0.72,-0.246,0,0.194,7.88,1.25,0.4,-0.254,0.375
2020,06월 05일,0,두산,0.156,0.489,1.43,-0.326,0,0.375,5.63,1,0.8,-0.174,0.5,0.233,0.558,0.82,0.174,0,0.133,0,1.11,1.4,0.326,1.333
2020,06월 06일,0,두산,0.226,0.493,1.02,-0.224,0,0.097,2.25,1.25,1.8,-0.276,0.625,0.29,0.713,1.78,0.276,0,0.161,3,0.89,1,0.224,0.333
2020,06월 07일,0,두산,0.281,0.799,1.46,-0.43,0,0.031,3.38,1.63,1.4,-0.07,1.125,0.286,0.702,1.4,0.07,0,0.257,2,1.33,1.5,0.43,0.111
2020,06월 09일,1,KT,0.167,0.552,0.84,-0.011,0.033,0.233,2,1,1.4,0.511,1.333,0.206,0.632,1.38,-0.511,0.029,0.353,3,0.78,0.8,0.011,0.778
2020,06월 10일,1,KT,0.333,1.055,0.49,0.454,0.048,0.143,0,0.6,0.1,0.044,0.6,0.167,0.333,0.11,-0.044,0,0.167,14.4,3,0.5,-0.454,0.6
2020,06월 11일,0,KT,0.366,1.015,0.37,-0.174,0.073,0.22,13.5,2.5,0.4,-0.326,0.625,0.41,1.17,0.37,0.326,0.077,0.128,8,1.78,0.4,0.174,1
2020,06월 12일,1,SK,0.265,0.813,0.85,0.341,0.059,0.353,3,1,1.1,0.159,0.889,0.167,0.49,1.09,-0.159,0,0.267,6,1.22,0.8,-0.341,1.333
2020,06월 13일,1,SK,0.194,0.565,0.84,-0.194,0.032,0.323,0,0.78,1.6,0.694,1,0.167,0.385,1.59,-0.694,0,0.3,2,0.89,0.8,0.194,1.111
2020,06월 14일,0,SK,0.206,0.574,1.45,-0.13,0.029,0.118,4.32,0.6,0.7,-0.37,1.605,0.107,0.524,0.7,0.37,0.071,0.464,3,1,1.4,0.13,0.444
2020,06월 16일,1,NC,0.267,0.688,1.33,0.432,0,0.3,4,1.33,1,0.068,1.333,0.278,0.694,0.97,-0.068,0,0.333,7.88,2,1.3,-0.432,1.125
2020,06월 17일,1,NC,0.323,0.783,1.13,0.576,0.032,0.065,4,1.11,1.4,-0.076,0.667,0.206,0.631,1.41,0.076,0.03,0.176,7.88,1.5,1.1,-0.576,0.25
2020,06월 19일,1,삼성,0.333,0.995,1.39,0.327,0.061,0.364,4,1.56,1.7,0.173,0.778,0.233,0.602,1.73,-0.173,0,0.233,3.38,1.75,1.4,-0.327,1.5
2020,06월 20일,1,삼성,0.29,0.954,0.81,0.402,0.065,0.161,3,1.22,0.8,0.098,0.667,0.25,0.651,0.78,-0.098,0,0.167,6.75,1.88,0.8,-0.402,0.625
2020,06월 21일,0,삼성,0.286,0.649,0.31,-0.103,0.029,0.143,11,2.11,0.4,-0.397,0.667,0.395,1.073,0.44,0.397,0.07,0.14,4,1.11,0.3,0.103,0.556
2020,06월 23일,0,롯데,0.314,0.78,0.73,0.008,0.029,0.114,4.32,1.44,1.9,-0.508,0.988,0.267,0.686,1.87,0.508,0,0.267,3,1.44,0.7,-0.008,0.444
2020,06월 26일,1,키움,0.333,0.97,0.58,0.456,0.056,0.222,5,1.78,0.9,0.044,0.778,0.317,0.939,0.89,-0.044,0.049,0.171,8,1.89,0.6,-0.456,0.889
2020,06월 27일,0,키움,0.069,0.238,0.86,-0.554,0,0.172,2.25,1.25,0.7,0.054,0.625,0.172,0.604,0.73,-0.054,0,0.172,0,0.33,0.9,0.554,0.556
2020,06월 28일,0,키움,0.077,0.249,1.38,-0.745,0,0.385,1.13,1.13,1.1,0.245,1.5,0.207,0.488,1.15,-0.245,0,0.414,0,0.56,1.4,0.745,1.111
2020,07월 01일,1,한화,0.314,0.727,2.18,0.479,0,0.229,3,1.78,1.2,0.021,0.444,0.375,0.839,1.2,-0.021,0,0.125,4.15,1.5,2.2,-0.479,0.976
2020,07월 02일,1,한화,0.351,0.832,0.76,0.256,0,0.108,1,1.78,0.9,0.244,0.778,0.281,0.785,0.88,-0.244,0.031,0.219,6.75,2,0.8,-0.256,0.5
2020,07월 03일,1,NC,0.265,0.837,0.62,0.195,0.059,0.118,2,1.22,1,0.305,0.667,0.265,0.629,1.02,-0.305,0,0.176,8,1.33,0.6,-0.195,0.444
2020,07월 04일,0,NC,0.25,0.601,0.76,-0.22,0,0.188,10.13,1.75,0.5,-0.28,0.25,0.4,1.217,0.5,0.28,0.086,0.057,2,1.22,0.8,0.22,0.667
2020,07월 05일,0,NC,0.242,0.688,1.04,0.033,0.03,0.152,7.27,1.38,1.4,-0.533,0.732,0.229,0.822,1.44,0.533,0.057,0.171,6,1.22,1,-0.033,0.556
2020,07월 07일,0,KT,0.156,0.583,0.63,-0.079,0.031,0.281,6,1.78,0.8,-0.421,0.889,0.265,0.734,0.8,0.421,0.029,0.235,2,1,0.6,0.079,1
2020,07월 08일,0,KT,0.257,0.642,1.07,-0.154,0.029,0.257,7,1.44,0.7,-0.346,0.778,0.265,0.813,0.7,0.346,0.029,0.206,4,1,1.1,0.154,1
2020,07월 09일,1,KT,0.313,1.044,1.1,0.55,0.063,0.188,3,1.89,1.5,-0.05,1,0.27,0.684,1.45,0.05,0,0.243,11.25,2.25,1.1,-0.55,0.75
2020,07월 10일,1,키움,0.333,0.967,1.22,0.489,0.067,0.089,5.73,1.64,1.3,0.011,1.091,0.326,0.956,1.33,-0.011,0.046,0.279,7.84,1.84,1.2,-0.489,0.396
2020,07월 11일,1,키움,0.314,1.015,0.36,0.401,0.086,0.171,3,1.33,0.8,0.099,1,0.297,0.721,0.78,-0.099,0.027,0.243,9,2.13,0.4,-0.401,0.75
2020,07월 13일,1,키움,0.41,1.286,0.45,0.463,0.077,0.103,3,0.44,0.3,0.037,1.333,0.129,0.452,0.35,-0.037,0.064,0.387,14.63,2.5,0.4,-0.463,0.5
2020,07월 14일,0,삼성,0.25,0.554,0.73,-0.354,0,0.156,5.63,1.75,0.6,-0.146,0.5,0.333,1.034,0.58,0.146,0.074,0.148,0,1,0.7,0.354,0.556
2020,07월 15일,1,삼성,0.286,0.714,2.03,0.25,0.029,0.171,2,1,1,0.25,1.444,0.2,0.565,1.03,-0.25,0.033,0.433,4,1.33,2,-0.25,0.667
2020,07월 16일,0,삼성,0.25,0.791,1.42,0.174,0.031,0.25,8.31,2.19,1.3,-0.674,0.61,0.368,0.994,1.32,0.674,0.053,0.132,7,1.44,1.4,-0.174,0.889
2020,07월 17일,1,두산,0.3,0.882,0.82,0.121,0.033,0.167,2,1,1,0.379,0.222,0.226,0.499,1.01,-0.379,0,0.065,3.38,1.63,0.8,-0.121,0.625
2020,07월 18일,0,두산,0.273,0.671,0.75,-0.312,0,0.212,6,2,0.6,-0.188,0.111,0.375,0.914,0.57,0.188,0,0.031,0,1.56,0.8,0.312,0.778
2020,07월 19일,0,두산,0.25,0.681,1.21,-0.047,0,0.156,8,1.44,1,-0.453,0.444,0.297,0.825,1.02,0.453,0.027,0.108,4,1.56,1.2,0.047,0.556
2020,07월 21일,1,한화,0.39,1.085,0.41,0.304,0.049,0.195,2,0.56,0.3,0.196,0.778,0.103,0.394,0.3,-0.196,0.034,0.241,9,2.67,0.4,-0.304,0.889
2020,07월 22일,1,한화,0.167,0.431,1.09,-0.227,0,0.333,1,1,1.7,0.727,1.556,0.138,0.437,1.75,-0.727,0,0.483,2,0.89,1.1,0.227,1.111
2020,07월 25일,1,삼성,0.355,0.819,1.34,0.287,0,0.29,2,1.44,1.1,0.213,1.111,0.219,0.592,1.08,-0.213,0,0.313,9,1.75,1.3,-0.287,1.125
2020,07월 26일,1,삼성,0.324,0.823,0.7,0.401,0,0.135,5,1.78,1.4,0.099,0.444,0.333,0.918,1.37,-0.099,0.028,0.111,6.75,1.88,0.7,-0.401,0.625
2020,07월 30일,0,KT,0.242,0.619,1.25,-0.456,0,0.242,4,1.56,0.8,-0.044,0.667,0.355,0.864,0.77,0.044,0,0.194,4,1.56,0.8,-0.044,0.889
2020,07월 31일,1,롯데,0.235,0.58,0.81,-0.029,0,0.294,1,1,2,0.529,0.556,0.182,0.492,1.98,-0.529,0,0.152,2,1.33,0.8,0.029,1.111
2020,08월 01일,0,롯데,0.265,0.717,0.84,-0.104,0.029,0.265,6.75,1.88,0.8,-0.395,0.375,0.323,1.018,0.75,0.395,0.065,0.097,3,1.22,0.8,0.104,1
2020,08월 02일,0,롯데,0.133,0.388,0.65,-0.278,0,0.333,7.88,1.88,0.8,-0.222,0.75,0.324,0.836,0.75,0.222,0,0.176,0,0.67,0.7,0.278,1.111
2020,08월 04일,0,LG,0.222,0.633,0.93,0.072,0.028,0.278,15,2.33,0.7,-0.572,1,0.39,1.2,0.73,0.572,0.074,0.22,3,1.33,0.9,-0.072,1.111
2020,08월 05일,0,LG,0.257,0.583,1.5,-0.198,0,0.314,6,1.78,1.1,-0.302,1.111,0.314,0.971,1.1,0.302,0.057,0.286,4,1.22,1.5,0.198,1.222
2020,08월 06일,1,LG,0.343,1.224,0.46,0.203,0.114,0.229,1,0.56,0.4,0.297,0.778,0.143,0.31,0.45,-0.297,0,0.25,14.63,2.25,0.5,-0.203,1
2020,08월 08일,1,NC,0.143,0.429,0.97,0.142,0.036,0.321,2,1.44,1.3,0.358,0.667,0.194,0.73,1.33,-0.358,0,0.194,3.38,0.5,1,-0.142,1.125
2020,08월 09일,0,NC,0.125,0.442,0.81,-0.133,0,0.219,8,2.11,0.4,-0.367,0.778,0.125,0.442,0.81,-0.133,0,0.219,1,1.44,0.8,0.133,0.778
2020,08월 11일,1,LG,0.314,0.829,0.77,0.209,0,0.086,4,1.11,0.9,0.291,1.222,0.25,0.659,0.93,-0.291,0.028,0.306,8,1.89,0.8,-0.209,0.333
2020,08월 12일,0,LG,0.069,0.298,0.47,-0.213,0,0.483,9,1.88,0.4,-0.287,1.125,0.353,0.905,0.37,0.287,0,0.265,0,0.78,0.5,0.213,1.556
2020,08월 13일,0,LG,0.156,0.463,1.15,-0.402,0.031,0.25,4.5,1.5,0.8,-0.098,0.75,0.276,0.9,0.75,0.098,0.069,0.207,1,0.67,1.1,0.402,0.889
2020,08월 14일,1,SK,0.226,0.787,0.99,0.766,0.032,0.097,6,2.22,0.6,-0.266,0.667,0.387,0.932,0.57,0.266,0,0.194,7.56,1.8,1,-0.766,0.37
2020,08월 15일,1,SK,0.415,1.04,0.43,0.494,0.024,0.122,3,1.33,0.7,0.006,0.111,0.273,0.667,0.73,-0.006,0,0.03,11.25,2.5,0.4,-0.494,0.625
2020,08월 16일,1,SK,0.395,0.965,0.5,0.289,0.026,0.263,5,1.56,0.7,0.21,1.444,0.206,0.606,0.71,-0.21,0,0.382,9,2.25,0.5,-0.289,1.25
2020,08월 18일,0,LG,0.275,0.681,1.11,0.058,0,0.2,4.82,1.5,1.7,-0.558,1.429,0.324,0.864,1.7,0.558,0.054,0.351,4.5,1.6,1.1,-0.058,0.8
2020,08월 19일,0,LG,0.235,0.513,0.71,-0.191,0,0.265,10.13,2.63,0.6,-0.309,0.375,0.353,1.107,0.55,0.309,0.029,0.088,1,1.11,0.7,0.191,1
2020,08월 20일,0,NC,0.152,0.434,0.49,-0.147,0,0.303,14,2.67,0.4,-0.353,0.667,0.467,1.09,0.45,0.353,0.022,0.133,1,1.11,0.5,0.147,1.111
2020,08월 21일,0,NC,0.265,0.766,1.16,0.172,0.059,0.147,6,1.56,1,-0.672,1.111,0.263,0.807,1.03,0.672,0.026,0.263,4,1.22,1.2,-0.172,0.556
2020,08월 22일,0,키움,0.206,0.476,0.99,-0.099,0,0.294,4.5,1.88,1.2,-0.401,0.75,0.313,0.843,1.21,0.401,0.031,0.188,1,1.11,1,0.099,1.111
2020,08월 23일,1,키움,0.306,0.906,1.1,0.775,0.083,0.25,7,1.78,1.8,-0.275,1,0.351,0.859,1.78,0.275,0,0.243,8,1.44,1.1,-0.775,1
2020,08월 25일,0,두산,0.233,0.825,1.74,0.585,0.033,0.167,9.82,2.59,1.3,-0.86,0.282,0.412,1.193,1.33,0.86,0.088,0.059,6.75,1.88,1.7,-0.585,0.625
2020,08월 26일,1,두산,0.366,0.886,0.85,0.23,0.024,0.122,4,1.89,1.8,0.27,0.889,0.314,0.824,1.83,-0.27,0.029,0.229,7,2.11,0.9,-0.23,0.556
2020,08월 27일,0,SK,0.242,0.609,0.9,-0.297,0,0.364,5.63,2,0.5,-0.203,0.75,0.389,1.092,0.51,0.203,0.056,0.167,4,1.11,0.9,0.297,1.333
2020,08월 28일,1,SK,0.333,1.036,0.57,0.312,0.103,0.205,7,1.89,0.8,0.189,1.111,0.333,1.082,0.8,-0.189,0.03,0.303,11,1.89,0.6,-0.312,0.889
2020,08월 30일,0,KT,0.303,0.702,1.1,-0.109,0,0.242,7,2,0.6,-0.391,0.778,0.206,0.753,0.56,0.391,0.029,0.206,5,1.44,1.1,0.109,0.889
2020,08월 30일,1,KT,0.294,0.81,1.03,0.471,0.029,0.029,4,1.44,1.1,0.029,1.111,0.27,0.75,1.07,-0.029,0.027,0.27,4.5,1.75,1,-0.471,0.125
2020,09월 01일,1,삼성,0.29,0.902,0.61,0.072,0.032,0.29,0,0.56,0.7,0.428,0.556,0.133,0.295,0.69,-0.428,0,0.167,6.75,2.25,0.6,-0.072,1.125
2020,09월 03일,1,롯데,0.278,0.77,0.64,0.041,0.056,0.194,3,0.78,1.1,0.459,0.667,0.167,0.476,1.14,-0.459,0,0.2,4,1.22,0.6,-0.041,0.778
2020,09월 04일,0,롯데,0.27,0.73,1,-0.174,0.027,0.297,10.13,2,0.9,-0.326,0.5,0.412,1.036,0.89,0.326,0.059,0.118,7,1.44,1,0.174,1.222
2020,09월 04일,1,롯데,0.235,0.728,1.25,0.432,0.029,0.206,3,1.11,1.8,0.068,1.111,0.172,0.478,1.78,-0.068,0,0.345,5,1.22,1.2,-0.432,0.778
2020,09월 05일,1,한화,0.361,0.925,1.23,0.175,0,0.139,4,1.22,1.6,0.325,1.222,0.242,0.691,1.64,-0.325,0.03,0.333,5,2.11,1.2,-0.175,0.556
2020,09월 06일,1,한화,0.286,0.864,0.95,0.289,0.029,0.257,4,1.11,0.6,0.211,1.444,0.278,0.75,0.64,-0.211,0.056,0.361,7,1.44,0.9,-0.289,1
2020,09월 08일,1,LG,0.226,0.649,1.41,0.062,0,0.161,2,1.89,1.6,0.438,0.333,0.314,0.899,1.58,-0.438,0,0.086,1.13,1.25,1.4,-0.062,0.625
2020,09월 10일,0,두산,0.219,0.681,1.38,-0.093,0.031,0.219,5,1.67,1.3,-0.407,1,0.25,0.607,1.3,0.407,0,0.25,4,1.22,1.4,0.093,0.778
2020,09월 12일,1,NC,0.35,1.083,0.5,0.213,0.05,0.05,3,1,0.5,0.287,0.778,0.188,0.57,0.55,-0.287,0.031,0.219,10,2.22,0.5,-0.213,0.222
2020,09월 13일,1,NC,0.303,0.685,1.1,0.048,0,0.152,3,1.33,2.2,0.452,0.667,0.25,0.609,2.15,-0.452,0,0.188,4,1.44,1.1,-0.048,0.556
2020,09월 15일,0,SK,0.172,0.467,0.26,-0.17,0,0.138,15,2.89,0.6,-0.33,0.556,0.425,1.129,0.58,0.33,0.05,0.125,1,1.11,0.3,0.17,0.444
2020,09월 16일,0,SK,0.303,0.824,1.21,0.159,0.03,0.182,5,2.11,1.9,-0.659,0.556,0.297,0.828,1.91,0.659,0,0.135,6,1.56,1.2,-0.159,0.667
2020,09월 17일,1,삼성,0.4,1.157,0.61,0.526,0.075,0.15,2,1.11,0.4,-0.026,1.222,0.212,0.482,0.38,0.026,0,0.333,12,2.11,0.6,-0.526,0.667
2020,09월 18일,1,삼성,0.385,1.069,0.83,0.653,0.051,0.103,3,1.44,1.1,-0.153,1,0.257,0.639,1.08,0.153,0,0.257,13,2.22,0.8,-0.653,0.444
2020,09월 19일,1,한화,0.345,0.814,0.58,0.149,0,0.138,0,0.56,0.5,0.351,1.222,0.161,0.323,0.48,-0.351,0,0.355,6.75,1.63,0.6,-0.149,0.5
2020,09월 20일,0,한화,0.273,0.736,1.12,-0.124,0.03,0.212,11,2.44,0.9,-0.376,1.111,0.4,1.065,0.92,0.376,0.025,0.25,3,1.44,1.1,0.124,0.778
2020,09월 22일,0,키움,0.133,0.345,1.64,-0.615,0,0.267,1,0.89,1,0.115,0.333,0.156,0.416,0.97,-0.115,0,0.094,0,0.78,1.6,0.615,0.889
2020,09월 23일,0,키움,0.156,0.456,0.12,-0.079,0.031,0.219,13,2.33,0.3,-0.421,0.667,0.405,1.173,0.3,0.421,0.048,0.143,1,0.67,0.1,0.079,0.778
2020,09월 24일,1,KT,0.4,1.017,1.48,0.263,0,0.075,2,1.22,1.4,0.237,1.222,0.235,0.591,1.35,-0.237,0,0.324,5,2.33,1.5,-0.263,0.333
2020,09월 25일,0,KT,0.324,0.753,1.08,-0.216,0,0.108,7.88,2.38,0.7,-0.284,0.125,0.387,1.1,0.72,0.284,0.65,0.032,3,1.67,1.1,0.216,0.444
2020,09월 26일,0,롯데,0.235,0.615,0.06,-0.034,0,0.206,16,2.44,0.3,-0.466,0.556,0.409,1.096,0.3,0.466,0.023,0.114,3,1.44,0.1,0.034,0.778
2020,09월 27일,1,롯데,0.243,0.641,1.98,-0.092,0,0.216,0.9,0.9,2,0.592,0.6,0.182,0.462,1.97,-0.592,0,0.182,1.86,1.34,2,0.092,0.87
2020,09월 29일,1,키움,0.333,1.022,0.52,0.441,0.056,0.222,6,1.89,1.1,0.058,0.778,0.333,0.771,1.13,-0.058,0,0.179,9,2.22,0.5,-0.441,0.889
2020,09월 30일,1,키움,0.257,0.612,1.39,-0.066,0,0.2,2,0.78,1.4,0.566,1,0.161,0.438,1.36,-0.566,0,0.29,2,1.22,1.4,0.066,0.778
2020,10월 01일,1,키움,0.3,0.794,0.85,0,0,0.067,1,1,1.4,0.5,1.444,0.182,0.462,1.38,-0.5,0,0.394,3,1.44,0.9,0,0.222
2020,10월 02일,0,두산,0.257,0.63,0.93,0.083,0,0.257,15.75,3,0.9,-0.583,0.75,0.459,1.17,0.92,0.583,0.027,0.162,3,1.22,0.9,-0.083,1
2020,10월 03일,0,두산,0.229,0.507,0.56,-0.219,0,0.2,7.88,2.38,0.5,-0.281,0.375,0.382,0.982,0.53,0.281,0.029,0.088,2,0.89,0.6,0.219,0.778
2020,10월 04일,0,두산,0.212,0.59,0.63,-0.263,0.03,0.303,7.88,1.88,0.4,-0.237,1.25,0.212,0.59,0.63,-0.263,0.03,0.303,1,1,0.6,0.263,1.111
2020,10월 06일,0,한화,0.333,0.73,1.91,-0.584,0,0.167,3,1.44,1.1,0.084,1,0.219,0.671,1.05,-0.084,0,0.281,2,1.56,1.9,0.584,0.667
2020,10월 07일,0,한화,0.172,0.445,0.66,-0.277,0,0.241,5,1.67,0.6,-0.215,0.778,0.303,0.774,0.58,0.215,0,0.212,0,0.89,0.7,0.277,0.778
2020,10월 07일,1,한화,0.324,0.967,0.77,0.631,0.088,0.088,4,1.33,1.4,-0.131,0.778,0.294,0.716,1.39,0.131,0.029,0.206,6.75,1.63,0.8,-0.631,0.375
2020,10월 08일,0,한화,0.289,0.649,0.57,0.105,0,0.211,13,3,0.9,-0.605,0.444,0.381,0.986,0.86,0.605,0,0.095,5,1.56,0.6,-0.105,0.889
2020,10월 09일,1,SK,0.233,0.724,0.84,0.227,0.033,0.133,3,1,1.2,0.274,0.778,0.219,0.61,1.2,-0.274,0.031,0.219,5.63,1,0.8,-0.227,0.5
2020,10월 10일,0,SK,0.138,0.385,1.33,-0.682,0,0.138,2,1.11,1.1,0.182,0.556,0.129,0.528,1.06,-0.182,0.032,0.161,1,0.78,1.3,0.682,0.444
2020,10월 11일,0,SK,0.256,0.726,1.75,0.001,0.023,0.116,3.75,1.83,1.2,-0.501,0.75,0.306,0.883,1.24,0.501,0.041,0.184,3.75,1.83,1.8,-0.001,0.417
2020,10월 13일,1,NC,0.342,0.999,0.69,0.48,0,0.079,7,2.11,0.9,0.02,0.778,0.333,0.95,0.88,-0.02,0.028,0.194,11,2.33,0.7,-0.48,0.333
2020,10월 14일,0,NC,0.2,0.608,0.97,-0.256,0,0.233,9,2,0.7,-0.244,0.625,0.333,1.04,0.73,0.244,0.067,0.167,2,1.56,1,0.256,0.778
2020,10월 15일,1,NC,0.366,0.996,0.97,0.929,0.049,0.195,11,2,1.3,-0.428,0.889,0.361,0.984,1.27,0.428,0.056,0.222,11,2.11,1,-0.929,0.889
2020,10월 16일,0,LG,0.182,0.394,0.42,-0.186,0,0.273,10.13,2.13,0.4,-0.314,0.5,0.375,0.93,0.37,0.314,0,0.125,0,0.67,0.4,0.186,1
2020,10월 17일,0,LG,0.316,0.883,0.96,0.087,0.026,0.132,12.38,2.63,0.6,-0.587,0.25,0.429,1.324,0.64,0.587,0.057,0.057,7,2,1,-0.087,0.556
2020,10월 18일,1,LG,0.156,0.505,0.84,0.065,0,0.125,0,0.56,0.8,0.435,0.444,0.133,0.395,0.78,-0.435,0,0.133,2,1.44,0.8,-0.065,0.444
2020,10월 20일,0,NC,0.235,0.594,0.12,-0.057,0.029,0.088,12,2.33,0.3,-0.444,0.556,0.429,1.099,0.28,0.444,0.024,0.119,2,1.11,0.1,0.057,0.333
2020,10월 22일,1,한화,0.359,0.861,0.5,0.402,0,0.154,4,1.67,0.5,0.098,1.111,0.297,0.867,0.5,-0.098,0,0.27,9,2.11,0.5,-0.402,0.667
2020,10월 23일,0,LG,0.265,0.724,1.32,-0.135,0.029,0.176,3,1.67,1,-0.365,0.667,0.172,0.671,0.97,0.365,0,0.207,4,1.33,1.3,0.135,0.667
2020,10월 24일,0,삼성,0.316,1.039,1.25,0.012,0.079,0.316,11,2.22,1,-0.512,1,0.324,0.994,1.03,0.512,0.027,0.243,7,1.67,1.2,-0.012,1.333
2020,10월 25일,1,삼성,0.351,1.063,0.63,0.177,0.081,0.135,1,1.11,0.8,0.323,0.778,0.212,0.631,0.82,-0.323,0.03,0.212,10.13,2.38,0.6,-0.177,0.625
2020,10월 27일,0,KT,0.324,0.726,1.89,0.211,0,0.162,7,1.67,1,-0.711,0.889,0.297,0.933,0.97,0.711,0.081,0.216,6,1.67,1.9,-0.211,0.667
2020,10월 28일,1,KT,0.278,0.678,1.3,0.241,0.028,0.167,0.9,1.3,1.9,0.259,0.7,0.184,0.585,1.94,-0.259,0.026,0.184,3.86,1.18,1.3,-0.241,0.659
2020,10월 29일,0,두산,0.25,0.724,0.4,-0.101,0.028,0.194,8,2.22,0.3,-0.399,0.444,0.366,1.118,0.31,0.399,0.098,0.098,1,1.33,0.4,0.101,0.778
2020,10월 30일,0,롯데,0.242,0.568,0.7,-0.113,0,0.121,14.63,2.88,0.7,-0.387,0.75,0.455,1.376,0.71,0.387,0.114,0.136,2,1,0.7,0.113,0.444
2020,10월 31일,1,NC,0.278,0.742,1.32,0.403,0.028,0.194,2,1.33,1.6,0.097,0.667,0.455,1.376,0.71,0.387,0.114,0.136,4.15,1.85,1.3,-0.403,0.854
2021,04월 04일,0,두산,0.265,0.648,1.04,-0.331,0,0.176,4.5,1.25,1.5,-0.169,0.75,0.267,0.713,1.48,0.169,0.033,0.1,1,1.33,1,0.331,0.667
2021,04월 06일,1,키움,0.295,0.742,1.66,0.228,0.023,0.227,3.27,0.64,1.4,0.272,1.182,0.132,0.406,1.39,-0.272,0,0.342,3.27,1.36,1.7,-0.228,0.909
2021,04월 07일,1,키움,0.306,0.771,1.71,0.237,0,0.102,3.75,1.08,2,0.263,0.833,0.178,0.511,2.05,-0.263,0,0.222,6,1.83,1.7,-0.237,0.417
2021,04월 08일,1,키움,0.226,0.617,1.56,0.479,0,0.226,3,1.22,1,0.021,0.556,0.148,0.63,1.04,-0.021,0.037,0.185,5,1.44,1.6,-0.479,0.778
2021,04월 09일,0,NC,0.325,0.757,0.55,-0.116,0,0.25,10,2.11,0.6,-0.384,0.556,0.359,1.021,0.56,0.384,0.026,0.128,4,1.67,0.5,0.116,1.111
2021,04월 10일,0,NC,0.161,0.418,0.38,-0.065,0,0.194,9,1.67,0.5,-0.435,0.889,0.316,0.948,0.51,0.435,0.053,0.211,2,0.89,0.4,0.065,0.667
2021,04월 11일,0,NC,0.278,0.714,1.04,-0.12,0,0.194,7,1.67,0.8,-0.38,0.444,0.333,0.968,0.82,0.38,0.056,0.111,3,1.22,1,0.12,0.778
2021,04월 13일,0,롯데,0.067,0.192,0.31,-0.157,0,0.333,8,2.44,0.4,-0.343,0.889,0.316,0.828,0.45,0.343,0,0.211,0,0.44,0.3,0.157,1.111
2021,04월 14일,1,롯데,0.143,0.422,1.37,-0.269,0,0.171,1.5,1.25,1.8,0.769,0.417,0.227,0.556,1.77,-0.769,0,0.114,2.31,0.94,1.4,0.269,0.536
2021,04월 15일,1,롯데,0.361,0.989,0.73,0.521,0,0.111,5,1.78,0.9,-0.021,1.222,0.257,0.686,0.85,0.021,0,0.314,11.25,2.75,0.7,-0.521,0.5
2021,04월 16일,1,SSG,0.39,0.898,0.88,0.485,0,0.195,6,2.22,1.5,0.015,0.889,0.297,0.879,1.48,-0.015,0.027,0.216,11,2.22,0.9,-0.485,0.889
2021,04월 17일,0,SSG,0.194,0.532,2.24,-0.176,0,0.167,3.72,1.45,1.5,-0.324,0.87,0.3,0.874,1.53,0.324,0.05,0.2,2.7,1.3,2.2,0.176,0.6
2021,04월 18일,0,SSG,0.133,0.508,1.73,-0.425,0,0.2,4.5,1.38,0.8,-0.075,0.875,0.185,0.787,0.83,0.075,0.074,0.259,2,1.44,1.7,0.425,0.667
2021,04월 20일,1,LG,0.243,0.81,0.63,0.212,0.054,0.27,2,1.78,1.5,0.288,0.333,0.31,0.861,1.55,-0.288,0.034,0.103,5,1.78,0.6,-0.212,1.111
2021,04월 21일,0,LG,0.278,0.699,1.1,-0.122,0,0.167,6.75,1.25,1,-0.395,0.875,0.138,0.665,0.98,0.395,0.069,0.241,2,1.56,1.1,0.122,0.667
2021,04월 22일,1,LG,0.152,0.636,1.51,0.028,0.03,0.212,1.8,1.5,2.3,0.472,0.6,0.2,0.684,2.28,-0.472,0.029,0.171,2.7,1.5,1.5,-0.028,0.7
2021,04월 23일,1,삼성,0.29,0.626,0.67,0.182,0,0.161,1,0.78,0.8,0.318,1.333,0.161,0.373,0.8,-0.318,0,0.387,2.25,1.25,0.7,-0.182,0.625
2021,04월 24일,0,삼성,0.281,0.775,0.86,-0.13,0,0.25,8,2,0.4,-0.37,0.222,0.342,1.001,0.45,0.37,0.053,0.053,4,1.44,0.9,0.13,0.889
2021,04월 25일,0,삼성,0.286,0.645,1.54,-0.47,0,0.2,2,1.67,1.9,-0.029,0.667,0.265,0.699,1.89,0.029,0,0.176,2,1.56,1.5,0.47,0.778
2021,04월 27일,1,한화,0.188,0.485,1.29,0.218,0,0.219,3,1.22,1.7,0.282,0.667,0.188,0.503,1.7,-0.282,0,0.188,3.38,1,1.3,-0.218,0.875
2021,04월 28일,1,한화,0.185,0.562,0.59,0.156,0,0.074,0,0.44,0.6,0.344,1.778,0.103,0.271,0.57,-0.344,0,0.552,3.38,1.25,0.6,-0.156,0.25
2021,04월 29일,1,한화,0.147,0.502,1.73,-0.221,0,0.294,0.82,1,1.6,0.721,0.818,0.088,0.361,1.63,-0.721,0,0.265,1.74,1.26,1.7,0.221,0.99
2021,04월 30일,0,KT,0.242,0.669,0.68,-0.009,0.03,0.303,13.5,3,0.5,-0.491,0.875,0.444,1.24,0.55,0.491,0.056,0.194,3,1.11,0.7,0.009,1.111
2021,05월 01일,0,KT,0.172,0.48,1.51,-0.568,0,0.241,3.38,1.5,0.8,0.068,1.5,0.25,0.583,0.85,-0.068,0,0.375,0,1,1.5,0.568,0.778
2021,05월 02일,0,KT,0.25,0.658,0.59,-0.226,0,0.167,10.13,2.38,0.8,-0.274,0.375,0.382,0.976,0.79,0.274,0,0.088,2,1.33,0.6,0.226,0.667
2021,05월 05일,1,롯데,0.375,0.855,0.33,0.315,0,0.125,5,1.56,0.6,0.185,0.889,0.316,0.771,0.65,-0.185,0.026,0.211,8,1.89,0.3,-0.315,0.556
2021,05월 06일,0,롯데,0.289,0.966,0.94,0.24,0.053,0.184,15.75,2.88,0.6,-0.74,0.875,0.4,1.104,0.58,0.74,0.05,0.175,8,1.89,0.9,-0.24,0.778
2021,05월 08일,0,두산,0.212,0.74,1.15,0.179,0.061,0.182,11,2.78,1.2,-0.679,0.556,0.444,1.122,1.22,0.679,0.044,0.111,5,1.11,1.1,-0.179,0.667
2021,05월 09일,0,두산,0.219,0.609,1.49,-0.265,0,0.188,5,1.56,1.4,-0.235,0.333,0.278,0.714,1.37,0.235,0,0.083,3,1.56,1.5,0.265,0.667
2021,05월 11일,1,LG,0.412,1.033,0.38,0.275,0.029,0.059,1,1.44,0.8,0.225,1,0.194,0.553,0.79,-0.225,0,0.29,7.88,2,0.4,-0.275,0.25
2021,05월 12일,1,LG,0.3,0.75,1.33,0.276,0,0.267,3,1.56,1.6,0.224,1,0.212,0.562,1.58,-0.224,0,0.273,5.63,1.88,1.3,-0.276,1
2021,05월 13일,0,LG,0.2,0.668,1.03,-0.202,0.033,0.2,7,1.67,0.7,-0.298,0.444,0.297,0.886,0.66,0.298,0.054,0.108,2,1.33,1,0.202,0.667
2021,05월 14일,0,NC,0.229,0.554,1.13,-0.203,0,0.4,5.63,1.88,1.6,-0.297,0.75,0.31,0.789,1.64,0.297,0,0.207,2,1.33,1.1,0.203,1.556
2021,05월 15일,0,NC,0.306,0.694,0.97,-0.13,0,0.167,7.88,1.88,0.5,-0.37,0.5,0.351,1.06,0.52,0.37,0.081,0.108,3,1.44,1,0.13,0.667
2021,05월 18일,0,SSG,0.306,0.756,1.26,-0.211,0,0.056,7,2,0.6,-0.289,0.444,0.368,1.06,0.6,0.289,0.053,0.105,5,1.89,1.3,0.211,0.222
2021,05월 19일,0,SSG,0.314,0.757,1.31,0.036,0,0.171,9,2.33,1.3,-0.536,0.556,0.333,0.997,1.35,0.536,0.051,0.128,9,2.33,1.3,-0.536,0.667
2021,05월 21일,0,삼성,0.278,0.631,1.2,-0.298,0,0.194,5.63,1.88,0.9,-0.202,0.75,0.345,0.889,0.94,0.202,0,0.207,3,1.22,1.2,0.298,0.778
2021,05월 22일,1,삼성,0.289,0.92,0.46,0.364,0.079,0.211,3,0.89,0.5,0.136,0.667,0.219,0.517,0.52,-0.136,0,0.188,7,1.56,0.5,-0.364,0.889
2021,05월 23일,0,삼성,0.297,0.832,0.99,0.018,0.027,0.216,7.88,1.38,1.1,-0.518,0.5,0.259,0.927,1.07,0.518,0.074,0.148,5,1.78,1,-0.018,0.889
2021,05월 26일,1,키움,0.115,0.489,0.96,0.039,0.038,0.231,1,0.89,1.2,0.461,0.778,0.125,0.462,1.18,-0.461,0.031,0.219,1,0.89,1.2,0.461,0.667
2021,05월 27일,1,키움,0.313,0.733,1.33,0.287,0,0.156,4,1.78,1.3,0.213,1.333,0.265,0.846,1.35,-0.213,0.029,0.353,5.63,1.75,1.3,-0.287,0.625
2021,05월 28일,1,KT,0.324,0.831,1.86,0.627,0,0.108,5.4,1.2,1.5,-0.127,1,0.216,0.725,1.5,0.127,0.054,0.27,5.79,2.36,1.9,-0.627,0.44
2021,05월 29일,0,KT,0.378,0.847,1.52,0.086,0,0.189,7,1.89,1.3,-0.586,1,0.258,0.807,1.34,0.586,0,0.29,5,1.89,1.5,-0.086,0.778
2021,05월 30일,0,KT,0.138,0.424,1.59,-0.337,0,0.172,4,1,1.1,-0.163,0.667,0.226,0.576,1.11,0.163,0,0.194,3,1.11,1.6,0.337,0.556
2021,06월 01일,0,한화,0.212,0.509,0.76,-0.222,0,0.152,9,1.75,0.4,-0.278,1,0.343,0.995,0.42,0.278,0.057,0.229,1,1.22,0.8,0.222,0.556
2021,06월 02일,1,한화,0.294,0.826,0.97,0.188,0,0.235,3,1.56,1.5,0.312,0.889,0.167,0.617,1.52,-0.312,0.033,0.267,4,1.78,1,-0.188,0.889
2021,06월 04일,1,LG,0.219,0.594,1.78,0.381,0,0.188,3,1,1.5,0.119,0.889,0.212,0.581,1.53,-0.119,0.03,0.242,3.12,1.38,1.8,-0.381,0.732
2021,06월 05일,0,LG,0.222,0.639,0.55,-0.125,0,0.222,8,2.22,0.5,-0.375,0.667,0.381,1.03,0.45,0.375,0.024,0.143,1,1.44,0.6,0.125,0.889
2021,06월 06일,0,LG,0.194,0.531,0.32,-0.168,0,0.161,10,1.78,0.4,-0.332,0.556,0.297,0.909,0.45,0.332,0.054,0.135,0,1.22,0.3,0.168,0.556
2021,06월 08일,0,삼성,0.161,0.527,1.14,-0.345,0,0.129,7.88,2,0.5,-0.155,0.75,0.323,0.82,0.47,0.155,0,0.194,0,1.33,1.1,0.345,0.444
2021,06월 09일,1,삼성,0.257,0.867,0.65,0.246,0.057,0.086,5,1.67,1.3,0.254,1,0.278,0.798,1.29,-0.254,0.028,0.25,7,1.78,0.6,-0.246,0.333
2021,06월 10일,0,삼성,0.229,0.593,1.38,-0.438,0,0.343,4.5,1.25,0.5,-0.062,0.625,0.294,0.785,0.48,0.062,0.059,0.147,2,1.33,1.4,0.438,1.333
2021,06월 13일,1,롯데,0.306,0.764,0.61,0.274,0.028,0.111,3,2.11,1.4,0.226,0.889,0.314,0.87,1.38,-0.226,0.029,0.229,5,1.67,0.6,-0.274,0.444
2021,06월 16일,1,SSG,0.233,0.557,0.87,-0.057,0,0.233,9,2.33,0.7,-0.472,0.333,0.265,0.931,0.67,0.472,0.029,0.088,1,1.56,0.2,0.028,0.778
2021,06월 17일,0,SSG,0.172,0.498,1.39,-0.246,0,0.172,6,1.78,1,-0.254,0.333,0.316,1.014,1.01,0.254,0.079,0.079,3,0.56,1.4,0.246,0.556
2021,06월 18일,0,LG,0.103,0.316,0.58,-0.343,0,0.069,5.63,1,0.6,-0.157,0.125,0.179,0.651,0.59,0.157,0.071,0.036,0,0.67,0.6,0.343,0.222
2021,06월 19일,0,LG,0.341,0.766,0.72,-0.148,0,0.098,7.88,1.5,0.6,-0.352,0.375,0.281,0.816,0.64,0.352,0.031,0.094,1,2,0.7,0.148,0.444
2021,06월 20일,0,LG,0.219,0.483,0.68,-0.233,0,0.188,6.75,1.75,0.6,-0.267,0.25,0.241,0.748,0.64,0.267,0.034,0.069,0,1,0.7,0.233,0.667
2021,06월 22일,0,KT,0.172,0.511,0.89,-0.209,0,0.379,5.63,1.38,0.9,-0.291,0.625,0.222,0.63,0.94,0.291,0,0.185,3,0.89,0.9,0.209,1.222
2021,06월 23일,1,KT,0.1,0.252,0.92,-0.199,0,0.167,1,0.78,1.9,0.698,1.444,0.182,0.41,1.89,-0.698,0,0.394,2,0.44,0.9,0.199,0.556
2021,06월 24일,0,KT,0.194,0.558,0.92,-0.133,0,0.29,5.63,2,1.9,-0.367,0.375,0.242,0.768,1.9,0.367,0.03,0.091,3,0.89,0.9,0.133,1
2021,06월 25일,0,키움,0.235,0.762,0.51,-0.081,0.029,0.206,15.75,3,0.4,-0.419,0.125,0.421,1.205,0.36,0.419,0.053,0.026,4,1.56,0.5,0.081,0.778
2021,06월 26일,0,키움,0.152,0.352,0.67,-0.202,0,0.182,6.75,2,0.5,-0.298,1.25,0.343,0.839,0.46,0.298,0.029,0.286,1,0.78,0.7,0.202,0.667
2021,06월 27일,0,키움,0.156,0.406,1.61,-0.085,0,0.344,5.4,1.56,0.9,-0.415,0.988,0.2,0.818,0.94,0.415,0.067,0.267,4,0.89,1.6,0.085,1.222
2021,06월 29일,0,NC,0.229,0.718,0.84,-0.026,0.057,0.171,7,1.56,0.7,-0.474,1.333,0.286,0.93,0.74,0.474,0.086,0.343,3,1.22,0.8,0.026,0.667
2021,07월 01일,1,NC,0.344,0.89,0.75,0.274,0.031,0.156,2,1.44,1.1,0.226,0.889,0.25,0.694,1.15,-0.226,0.028,0.222,6.75,2,0.7,-0.274,0.625
2021,07월 02일,1,두산,0.324,0.967,0.8,0.256,0.059,0.059,3,1.22,1.2,0.244,0.889,0.257,0.632,1.19,-0.244,0,0.229,9,1.75,0.8,-0.256,0.25
2021,07월 04일,1,두산,0.344,1.046,0.57,0.308,0.063,0.094,3,1.33,0.9,0.192,0.333,0.344,1.046,0.57,0.308,0.063,0.094,7.88,2,0.6,-0.308,0.375
2021,07월 07일,1,한화,0.184,0.559,1.74,-0.342,0,0.237,0.82,1.09,1.5,0.842,0.909,0.171,0.481,1.45,-0.842,0,0.286,3.27,1.09,1.7,0.342,0.818
2021,07월 09일,1,KT,0.417,0.939,0.69,0.38,0,0.167,4,1.22,0.5,0.12,0.778,0.294,0.717,0.46,-0.12,0.029,0.206,10.13,2.13,0.7,-0.38,0.75
2021,07월 11일,1,KT,0.138,0.469,0.87,-0.073,0.034,0.483,0,0.78,1.1,0.573,0.556,0.069,0.275,1.11,-0.573,0,0.172,2.25,0.75,0.9,0.073,1.75
2021,08월 10일,1,한화,0.212,0.578,1.04,0.136,0,0.273,1,0.89,1.2,0.364,1.556,0.188,0.507,1.15,-0.364,0,0.438,0,1.5,1,-0.136,1.125
2021,08월 13일,1,SSG,0.29,1.02,0.57,0.298,0.097,0.065,1,1.11,0.6,0.202,0.444,0.25,0.595,0.65,-0.202,0,0.111,8,1.89,0.6,-0.298,0.222
2021,08월 15일,0,SSG,0.257,0.697,0.52,0.128,0.029,0.343,11.25,2,0.5,-0.628,0.375,0.314,1.029,0.53,0.628,0.086,0.086,5,1.22,0.5,-0.128,1.333
2021,08월 18일,1,두산,0.161,0.523,0.61,0.364,0,0.032,3,0.89,0.8,0.136,0.444,0.233,0.561,0.81,-0.136,0,0.133,7,1.22,0.6,-0.364,0.111
2021,08월 20일,1,키움,0.148,0.503,1.04,0.14,0.037,0.074,2,0.89,1.2,0.36,0.556,0.188,0.447,1.16,-0.36,0,0.156,3.38,0.75,1,-0.14,0.25
2021,08월 22일,0,키움,0.219,0.661,0.85,-0.273,0.031,0.188,6,1.44,1.1,-0.227,0.889,0.242,0.723,1.12,0.227,0.03,0.242,1,1.11,0.9,0.273,0.667
2021,08월 24일,0,키움,0.324,0.834,0.96,-0.203,0.027,0.162,8,1.67,0.5,-0.297,0.333,0.278,0.913,0.5,0.297,0.083,0.083,2,1.56,1,0.203,0.667
2021,08월 25일,1,롯데,0.378,0.926,0.79,0.501,0,0.135,6,1.67,1.3,-0.001,0.444,0.308,0.913,1.25,0.001,0.077,0.103,11.25,3,0.8,-0.501,0.625
2021,08월 28일,0,SSG,0.129,0.476,0.55,-0.118,0,0.258,13.5,2.13,0.6,-0.382,0.75,0.389,1.241,0.57,0.382,0.111,0.167,4,1,0.6,0.118,0.889
2021,08월 29일,0,SSG,0.103,0.339,0.58,-0.208,0,0.207,10.13,1.75,0.3,-0.292,0.625,0.333,1.166,0.32,0.292,0.121,0.152,0,0.89,0.6,0.208,0.667
2021,09월 01일,1,두산,0.194,0.647,1.66,0.235,0.032,0.129,2,0.44,1.5,0.265,1.111,0.071,0.259,1.48,-0.265,0,0.357,3,1.33,1.7,-0.235,0.444
2021,09월 02일,0,삼성,0.188,0.423,0.96,-0.369,0,0.25,5,1.11,0.8,-0.131,0.556,0.235,0.778,0.8,0.131,0.088,0.147,1,0.89,1,0.369,0.889
2021,09월 03일,0,삼성,0.188,0.539,0.41,-0.173,0,0.094,9,2.11,0.4,-0.327,0.667,0.306,0.811,0.43,0.327,0,0.167,3,1.22,0.4,0.173,0.333
2021,09월 04일,0,한화,0.229,0.585,0.66,-0.217,0,0.171,6.75,2,1,-0.283,1.25,0.323,0.788,0.97,0.283,0,0.323,2,1.11,0.7,0.217,0.667
2021,09월 09일,0,키움,0.294,0.663,1.37,-0.096,0,0.118,5.63,1.75,1.4,-0.404,0.625,0.343,0.995,1.39,0.404,0.057,0.143,2,1.44,1.4,0.096,0.444
2021,09월 10일,0,키움,0.147,0.371,1.47,-0.376,0,0.235,3.38,1.75,0.7,-0.124,1.125,0.313,0.905,0.7,0.124,0,0.281,1,0.78,1.5,0.376,0.889
2021,09월 11일,1,NC,0.333,0.951,0.58,0.27,0.061,0.182,3,1.22,1.1,0.23,0.778,0.242,0.669,1.13,-0.23,0.03,0.212,5.63,1.63,0.6,-0.27,0.75
2021,09월 12일,0,NC,0.235,0.639,0.82,-0.207,0.029,0.235,8,1.22,0.7,-0.293,0.889,0.278,0.853,0.65,0.293,0.056,0.222,2,0.89,0.8,0.207,0.889
2021,09월 14일,0,롯데,0.324,0.918,1.33,-0.135,0.054,0.081,8,1.44,0.7,-0.365,0.556,0.286,0.823,0.7,0.365,0.029,0.143,7,1.89,1.3,0.135,0.333
2021,09월 15일,1,롯데,0.242,0.678,0.99,0.257,0,0.182,3,1.56,1.2,0.243,0.889,0.289,0.736,1.19,-0.243,0,0.211,4.5,1.88,1,-0.257,0.75
2021,09월 16일,1,삼성,0.324,0.787,0.87,0.199,0,0.135,3,1.11,1.2,0.301,0.889,0.229,0.692,1.19,-0.301,0.057,0.229,5,2,0.9,-0.199,0.556
2021,09월 17일,0,삼성,0.2,0.558,0.79,-0.281,0.029,0.257,6.75,1.88,0.6,-0.22,0.625,0.344,0.874,0.56,0.22,0,0.156,3,1,0.8,0.281,1
2021,09월 18일,1,LG,0.35,1.009,0.9,0.49,0.075,0.25,3,0.56,0.9,0.01,0.778,0.125,0.513,0.91,-0.01,0.063,0.219,9,2,0.9,-0.49,1.111
2021,09월 19일,0,LG,0.188,0.572,1.35,-0.366,0.031,0.281,4.5,1,1.2,-0.134,0.25,0.267,0.703,1.16,0.134,0,0.067,2,0.89,1.3,0.366,1
2021,09월 21일,0,KT,0.233,0.733,0.56,0.176,0.033,0.167,8,2,0.7,-0.676,0.333,0.316,0.9,0.74,0.676,0.026,0.079,4,1.33,0.6,-0.176,0.556
2021,09월 22일,1,KT,0.25,0.633,0.53,0.497,0,0.25,1,0.89,0.5,0.004,0.667,0.188,0.479,0.48,-0.004,0,0.188,5.63,1.63,0.5,-0.497,1
2021,09월 23일,0,두산,0.111,0.425,1.57,-0.55,0,0.333,1,1.56,1,0.05,0.778,0.281,0.727,1.03,-0.05,0,0.219,1,1.22,1.6,0.55,1
2021,09월 24일,0,두산,0.188,0.548,0.99,-0.177,0.031,0.094,8,2.11,0.9,-0.323,0.889,0.432,1.155,0.85,0.323,0.027,0.216,1,0.89,1,0.177,0.333
2021,09월 25일,1,SSG,0.276,0.87,0.55,0.208,0.034,0.034,1,1.22,0.7,0.292,1,0.194,0.531,0.74,-0.292,0,0.29,7.88,1.38,0.6,-0.208,0.125
2021,09월 26일,1,SSG,0.281,0.767,1.01,0.068,0.031,0.25,2,1.44,1.5,0.431,0.889,0.222,0.556,1.49,-0.431,0,0.222,6.75,1.63,1,-0.068,1
2021,09월 28일,0,NC,0.357,0.833,1.24,0.061,0,0.19,11.25,2,0.8,-0.561,1.375,0.258,0.862,0.84,0.561,0.065,0.355,8,2,1.2,-0.061,0.889
2021,09월 30일,0,키움,0.182,0.492,1.43,-0.653,0,0.333,1,1.33,1,0.154,0.333,0.257,0.659,1.04,-0.154,0,0.086,0,1,1.4,0.653,1.222
2021,10월 01일,1,키움,0.353,0.906,0.56,0.258,0,0.029,0,0.56,0.4,0.242,0.889,0.129,0.285,0.39,-0.242,0,0.258,5.63,2.13,0.6,-0.258,0.125
2021,10월 03일,1,한화,0.474,1.033,1.35,0.56,0,0.132,4,1.56,1,-0.06,0.444,0.278,0.718,1.04,0.06,0,0.111,7.88,2.75,1.4,-0.56,0.625
2021,10월 05일,0,롯데,0.242,0.699,0.85,-0.186,0.03,0.212,14.63,2.38,0.6,-0.314,0.375,0.425,1.155,0.58,0.314,0.05,0.075,3,1.44,0.9,0.186,0.778
2021,10월 06일,1,롯데,0.297,0.786,1.15,0.031,0.027,0.243,2,1.56,1.7,0.469,0.333,0.353,0.788,1.7,-0.469,0,0.088,4,1.78,1.2,-0.031,1
2021,10월 07일,0,LG,0.129,0.343,0.27,-0.203,0,0.161,7,1.44,0.5,-0.297,0.889,0.308,0.752,0.47,0.297,0.026,0.205,1,0.56,0.3,0.203,0.556
2021,10월 09일,1,한화,0.278,0.784,1,0.342,0.028,0.278,4,1.22,1.4,0.158,1,0.167,0.609,1.38,-0.158,0.033,0.3,6,1.89,1,-0.342,1.111
2021,10월 10일,1,한화,0.235,0.562,0.91,0.023,0,0.118,1,1.56,1.3,0.477,0.333,0.333,0.795,1.32,-0.477,0,0.1,1,1.22,0.9,-0.023,0.444
2021,10월 12일,0,삼성,0.129,0.382,1.53,-0.729,0.032,0.161,2,1,1,0.229,0.778,0.143,0.448,0.98,-0.229,0,0.25,1,0.44,1.5,0.729,0.556
2021,10월 13일,0,삼성,0.278,0.739,1.82,-0.292,0,0.222,5,1.22,0.9,-0.208,1.444,0.265,0.776,0.9,0.208,0.059,0.382,3,1.56,1.8,0.292,0.889
2021,10월 14일,1,삼성,0.31,0.791,0.78,0.17,0,0.172,1,0.89,0.7,0.33,0.667,0.103,0.339,0.74,-0.33,0,0.207,5.63,1.5,0.8,-0.17,0.625
2021,10월 16일,1,두산,0.273,0.823,0.98,0.374,0.03,0.152,4,1.56,1.4,0.148,1.111,0.297,0.72,1.39,-0.148,0,0.27,5,1.56,1,-0.374,0.556
2021,10월 19일,1,SSG,0.314,0.797,1.1,0.231,0.029,0.086,4,1.11,1.3,0.269,1.111,0.25,0.668,1.29,-0.269,0.031,0.313,5.63,1.75,1.1,-0.231,0.375
2021,10월 20일,1,KT,0.138,0.357,0.62,0.063,0,0.103,0,0.78,1,0.437,0.778,0.194,0.5,0.97,-0.437,0,0.226,1.13,0.88,0.6,-0.063,0.375
2021,10월 21일,0,한화,0.265,0.607,0.25,-0.061,0,0.176,11,2.56,0.4,-0.439,0.444,0.297,0.849,0.42,0.439,0,0.108,2,1.33,0.3,0.061,0.667
2021,10월 22일,1,NC,0.242,0.714,1.81,0.299,0,0.152,3,1,1,0.201,0.778,0.2,0.552,0.95,-0.201,0,0.233,5,1.67,1.8,-0.299,0.556
2021,10월 23일,1,NC,0.359,0.931,0.73,0.196,0.026,0.128,3,1.11,0.9,0.304,0.444,0.212,0.623,0.9,-0.304,0.03,0.121,7,2,0.7,-0.196,0.556
2021,10월 24일,0,NC,0.194,0.411,1.28,-0.361,0,0.333,3.38,1.38,1.2,-0.139,1.25,0.258,0.698,1.2,0.139,0.032,0.323,1,0.89,1.3,0.361,1.333
2021,10월 27일,1,롯데,0.286,0.718,1.26,0.059,0,0.2,2,0.56,1.2,0.441,0.556,0.161,0.452,1.2,-0.441,0.032,0.161,3,1.56,1.3,-0.059,0.778
2021,10월 28일,1,롯데,0.188,0.559,0.96,0.222,0.031,0.219,3,1.33,1.4,0.278,0.667,0.257,0.754,1.38,-0.278,0.057,0.171,5,1.11,1,-0.222,0.778
2021,10월 29일,0,두산,0.286,0.833,0.81,-0.04,0.029,0.314,8,2.11,0.4,-0.46,0.444,0.317,0.892,0.42,0.46,0.049,0.098,5,1.89,0.8,0.04,1.222
2021,10월 30일,0,키움,0.161,0.419,0.58,-0.235,0.032,0.226,6,2,0.5,-0.265,0.556,0.343,0.886,0.51,0.265,0.029,0.143,1,0.56,0.6,0.235,0.778
